source_row,sentiment,split
6972,positive,train
879,positive,train
2012,positive,train
7189,negative,train
7992,positive,train
8120,positive,train
1015,positive,train
6997,positive,train
5401,negative,train
3544,positive,train
5674,positive,train
1724,positive,train
6446,positive,train
4259,positive,train
2569,positive,train
5656,positive,train
4413,negative,train
8609,positive,train
281,positive,train
8380,positive,train
8436,negative,train
9793,positive,train
9458,positive,train
3673,positive,train
1757,negative,train
9281,positive,train
5398,negative,train
7448,positive,train
7899,negative,train
1286,positive,train
6076,negative,train
2630,positive,train
5243,positive,train
3042,positive,train
9946,positive,train
7664,positive,train
8811,positive,train
5164,negative,train
6528,positive,train
851,positive,train
4470,positive,train
2951,positive,train
3159,positive,train
7709,positive,train
1220,positive,train
2606,negative,train
4784,positive,train
3354,positive,train
7804,negative,train
5783,positive,train
5273,positive,train
6409,positive,train
3271,negative,train
5063,positive,train
7443,positive,train
8362,positive,train
7766,positive,train
7649,positive,train
8612,positive,train
6455,positive,train
8516,positive,train
2423,positive,train
8949,negative,train
1497,positive,train
7676,positive,train
786,positive,train
40,positive,train
5693,positive,train
6634,positive,train
1640,positive,train
1092,positive,train
9378,positive,train
5186,positive,train
2680,positive,train
2008,positive,train
9115,negative,train
684,positive,train
7604,positive,train
8584,positive,train
3500,negative,train
2551,positive,train
7522,negative,train
1453,positive,train
8221,positive,train
7498,positive,train
568,positive,train
5558,positive,train
39,positive,train
8305,positive,train
5410,positive,train
2186,positive,train
4360,positive,train
3805,positive,train
3335,positive,train
7592,positive,train
9561,positive,train
2600,positive,train
6985,positive,train
8446,positive,train
3768,positive,train
3863,positive,train
2445,positive,train
3929,positive,train
6882,positive,train
3675,positive,train
5899,positive,train
1385,negative,train
133,positive,train
911,positive,train
8534,positive,train
7045,positive,train
5707,positive,train
2251,positive,train
9196,positive,train
8690,positive,train
6320,positive,train
7540,negative,train
7119,positive,train
3612,positive,train
1983,positive,train
6869,positive,train
2094,positive,train
9618,positive,train
6001,positive,train
7491,positive,train
6808,positive,train
2387,positive,train
9522,positive,train
5333,positive,train
2454,positive,train
7434,positive,train
6950,positive,train
2018,positive,train
2923,negative,train
1158,positive,train
3653,positive,train
8416,negative,train
9544,negative,train
6401,positive,train
3826,positive,train
8924,negative,train
8328,positive,train
8299,positive,train
3353,positive,train
9265,positive,train
2670,positive,train
7193,negative,train
7620,positive,train
7367,positive,train
6398,positive,train
7376,positive,train
3503,negative,train
7890,positive,train
6527,positive,train
4571,positive,train
1210,positive,train
4129,positive,train
4477,negative,train
1192,positive,train
9830,negative,train
8282,positive,train
9429,positive,train
3488,negative,train
4888,positive,train
7398,positive,train
6205,positive,train
9741,positive,train
9081,positive,train
3457,positive,train
9136,negative,train
1413,positive,train
8580,positive,train
2886,positive,train
8538,positive,train
6037,positive,train
4651,positive,train
1947,positive,train
2017,positive,train
7975,negative,train
9026,positive,train
1386,negative,train
3446,negative,train
4514,positive,train
6525,positive,train
1834,positive,train
6157,positive,train
2376,positive,train
8531,positive,train
1938,positive,train
3594,positive,train
9106,positive,train
7994,positive,train
4159,positive,train
2071,positive,train
2151,negative,train
8687,positive,train
9628,positive,train
9957,positive,train
2331,positive,train
1831,positive,train
6042,positive,train
9874,positive,train
5700,positive,train
2126,positive,train
8096,negative,train
9395,negative,train
2090,positive,train
1337,positive,train
9282,positive,train
1139,positive,train
2148,positive,train
9092,positive,train
832,positive,train
9291,positive,train
9756,positive,train
1437,positive,train
4709,positive,train
8997,positive,train
7016,positive,train
2378,positive,train
1951,positive,train
9981,positive,train
2889,positive,train
7871,positive,train
2480,positive,train
5953,positive,train
746,positive,train
3231,positive,train
1176,positive,train
7599,positive,train
8077,positive,train
6005,positive,train
6079,positive,train
5743,negative,train
703,positive,train
8038,positive,train
7465,positive,train
7128,positive,train
2189,positive,train
9030,positive,train
6209,positive,train
5949,positive,train
5359,positive,train
3890,positive,train
3867,positive,train
8432,positive,train
1468,positive,train
2273,positive,train
265,positive,train
8582,positive,train
4325,positive,train
5626,negative,train
8752,positive,train
3990,positive,train
7900,negative,train
3396,positive,train
6146,positive,train
6363,positive,train
4064,positive,train
1098,positive,train
9350,positive,train
7919,positive,train
604,positive,train
9948,positive,train
8110,positive,train
4967,positive,train
5536,positive,train
9882,positive,train
4277,positive,train
2522,positive,train
179,positive,train
2583,positive,train
4612,positive,train
3426,positive,train
8740,positive,train
7235,positive,train
2849,positive,train
2549,positive,train
7856,positive,train
191,positive,train
4184,positive,train
4445,positive,train
2900,positive,train
9791,negative,train
5061,positive,train
7725,positive,train
5884,positive,train
688,positive,train
1682,positive,train
6330,positive,train
4435,positive,train
6183,positive,train
4351,positive,train
75,positive,train
2060,positive,train
5148,positive,train
5250,positive,train
4758,positive,train
2616,positive,train
4884,positive,train
256,positive,train
3736,positive,train
9776,positive,train
7020,positive,train
3132,negative,train
5036,positive,train
2201,positive,train
5908,positive,train
2748,positive,train
3055,negative,train
8142,positive,train
4485,positive,train
9781,positive,train
4140,positive,train
1133,positive,train
1819,negative,train
1964,positive,train
4196,positive,train
676,positive,train
7177,positive,train
8834,positive,train
8391,positive,train
558,positive,train
87,positive,train
1614,positive,train
2202,positive,train
2042,positive,train
5456,positive,train
7621,positive,train
1599,positive,train
6892,positive,train
9465,negative,train
4212,positive,train
9245,positive,train
2826,positive,train
4900,positive,train
1893,positive,train
300,positive,train
374,positive,train
9834,negative,train
5343,positive,train
9212,positive,train
7451,negative,train
1344,positive,train
2810,positive,train
6678,positive,train
2452,positive,train
4657,positive,train
5354,negative,train
7743,positive,train
1879,positive,train
5079,positive,train
5647,negative,train
9152,positive,train
1956,positive,train
8636,positive,train
5718,positive,train
8587,positive,train
9357,positive,train
8407,positive,train
3384,positive,train
8603,positive,train
8629,negative,train
8497,positive,train
5411,negative,train
3229,negative,train
6924,positive,train
6456,positive,train
5974,positive,train
4176,negative,train
7148,positive,train
7830,positive,train
6439,positive,train
2973,positive,train
5301,positive,train
4033,positive,train
4635,negative,train
7843,positive,train
8412,positive,train
4158,positive,train
9759,positive,train
5100,positive,train
5312,positive,train
6612,negative,train
8058,positive,train
4664,positive,train
8206,positive,train
8712,positive,train
3152,positive,train
4458,positive,train
6101,positive,train
6168,positive,train
6524,positive,train
9536,negative,train
38,positive,train
9856,positive,train
2965,positive,train
1765,positive,train
4248,positive,train
6346,positive,train
3758,positive,train
1802,positive,train
3810,positive,train
9181,negative,train
8964,negative,train
4288,negative,train
4975,positive,train
456,positive,train
6187,positive,train
9293,positive,train
2472,positive,train
5,positive,train
369,positive,train
4075,positive,train
1712,negative,train
8741,positive,train
1156,positive,train
9139,positive,train
63,positive,train
5444,positive,train
776,positive,train
3040,negative,train
2817,positive,train
3562,negative,train
4526,negative,train
8673,positive,train
483,positive,train
4685,positive,train
869,positive,train
7284,positive,train
8655,positive,train
3339,positive,train
1421,negative,train
7529,positive,train
9664,positive,train
6394,positive,train
8102,positive,train
2550,positive,train
3416,positive,train
2343,positive,train
7354,positive,train
4914,positive,train
7787,positive,train
7409,negative,train
800,positive,train
3014,positive,train
3088,positive,train
8506,positive,train
2263,positive,train
6450,positive,train
6962,positive,train
3538,positive,train
7093,negative,train
3566,positive,train
3382,positive,train
1808,positive,train
9958,positive,train
3226,negative,train
6907,positive,train
8829,positive,train
5760,positive,train
2313,negative,train
2410,positive,train
5604,positive,train
4415,positive,train
7122,positive,train
9329,positive,train
9891,positive,train
2001,negative,train
8318,positive,train
1659,positive,train
6648,positive,train
6729,positive,train
7839,positive,train
1569,positive,train
648,positive,train
612,positive,train
158,negative,train
1799,positive,train
3651,positive,train
411,positive,train
2752,negative,train
4795,positive,train
8576,positive,train
1736,positive,train
7802,positive,train
5960,positive,train
5937,positive,train
5053,negative,train
1043,positive,train
4641,positive,train
1528,negative,train
1377,positive,train
3123,positive,train
6,positive,train
9528,positive,train
4246,positive,train
3589,positive,train
4679,positive,train
6708,positive,train
6963,negative,train
6828,positive,train
9733,negative,train
1072,positive,train
7877,positive,train
1677,positive,train
3167,positive,train
5551,positive,train
9567,positive,train
1559,positive,train
3345,positive,train
1040,positive,train
8247,negative,train
3747,positive,train
7052,positive,train
1957,positive,train
1313,negative,train
1774,positive,train
2107,positive,train
8749,positive,train
1557,negative,train
6180,positive,train
5742,positive,train
9498,positive,train
6070,positive,train
5085,positive,train
6717,positive,train
2575,positive,train
3054,positive,train
9511,positive,train
2455,positive,train
5280,positive,train
2362,negative,train
2448,positive,train
3244,negative,train
5083,positive,train
9986,negative,train
6831,positive,train
540,positive,train
8604,positive,train
1190,positive,train
3856,positive,train
4594,positive,train
8078,positive,train
273,positive,train
2690,negative,train
2190,positive,train
2309,positive,train
3576,positive,train
8652,negative,train
881,positive,train
1502,positive,train
9253,positive,train
6292,negative,train
9662,positive,train
2377,positive,train
885,positive,train
6003,positive,train
8222,positive,train
5853,positive,train
5363,negative,train
3291,positive,train
35,positive,train
3731,positive,train
6476,positive,train
5230,positive,train
8204,positive,train
5101,positive,train
2799,positive,train
715,positive,train
7369,positive,train
8900,negative,train
2771,positive,train
1197,positive,train
8682,positive,train
1856,positive,train
1680,positive,train
8678,positive,train
7932,positive,train
7560,positive,train
3144,positive,train
1602,positive,train
9192,positive,train
1112,positive,train
4560,negative,train
2240,positive,train
5081,positive,train
4796,positive,train
3603,positive,train
6593,positive,train
9021,positive,train
7728,positive,train
5945,positive,train
2450,positive,train
2856,positive,train
5453,positive,train
1673,positive,train
8490,positive,train
1012,positive,train
1510,positive,train
4231,positive,train
6664,positive,train
3427,positive,train
7457,positive,train
3465,positive,train
7173,positive,train
8592,positive,train
9428,positive,train
7754,positive,train
9171,positive,train
6938,positive,train
7726,positive,train
4774,negative,train
3352,positive,train
2649,positive,train
5321,positive,train
4303,negative,train
4384,positive,train
5766,positive,train
3590,positive,train
9707,negative,train
7974,positive,train
421,positive,train
5156,negative,train
7437,negative,train
4849,negative,train
1109,positive,train
375,positive,train
7550,positive,train
5627,positive,train
2728,positive,train
8061,positive,train
1775,positive,train
5501,positive,train
6799,negative,train
7526,positive,train
1529,positive,train
9258,positive,train
5753,positive,train
5237,positive,train
7759,positive,train
8139,positive,train
221,positive,train
2334,positive,train
2960,positive,train
187,positive,train
7094,positive,train
6009,positive,train
3638,positive,train
9864,positive,train
2782,positive,train
3592,positive,train
6373,positive,train
9221,negative,train
5630,positive,train
8971,negative,train
9534,positive,train
5278,positive,train
2596,positive,train
9892,positive,train
5367,negative,train
6867,positive,train
6872,positive,train
7066,positive,train
3242,positive,train
3868,positive,train
6959,positive,train
1367,positive,train
9563,positive,train
9377,positive,train
2449,positive,train
3357,positive,train
8845,positive,train
4281,negative,train
4132,positive,train
4516,positive,train
8979,positive,train
9254,positive,train
9642,positive,train
8134,positive,train
9867,positive,train
3323,positive,train
5004,positive,train
5041,positive,train
2072,positive,train
6303,positive,train
1352,positive,train
4488,positive,train
9761,positive,train
2193,positive,train
19,positive,train
4866,positive,train
4241,negative,train
2976,positive,train
8268,positive,train
9354,positive,train
3236,positive,train
8649,positive,train
8728,negative,train
7720,positive,train
1794,positive,train
5773,positive,train
8443,positive,train
2064,positive,train
2241,positive,train
662,positive,train
5677,positive,train
3366,positive,train
1818,positive,train
1089,positive,train
4755,positive,train
8525,positive,train
6683,negative,train
5499,positive,train
5482,positive,train
753,positive,train
8442,positive,train
5635,negative,train
4077,positive,train
3767,positive,train
4489,positive,train
9755,positive,train
4239,negative,train
7918,positive,train
2676,positive,train
9616,positive,train
397,positive,train
9753,positive,train
7969,positive,train
21,positive,train
6611,positive,train
8340,positive,train
3698,positive,train
2459,positive,train
599,positive,train
6538,positive,train
2397,negative,train
5598,positive,train
7823,negative,train
8367,positive,train
7099,negative,train
8007,negative,train
4484,positive,train
6251,positive,train
2167,positive,train
51,positive,train
716,positive,train
1469,positive,train
7321,positive,train
6186,positive,train
4934,positive,train
5915,positive,train
6067,positive,train
4818,positive,train
1668,positive,train
9222,positive,train
9727,positive,train
1587,positive,train
6581,positive,train
3695,positive,train
1551,negative,train
9275,positive,train
7324,positive,train
7750,positive,train
7041,negative,train
5580,positive,train
4811,positive,train
3233,negative,train
1907,positive,train
8366,positive,train
9768,positive,train
6105,positive,train
143,positive,train
8830,negative,train
4713,positive,train
1844,positive,train
3393,positive,train
2205,positive,train
2527,positive,train
4965,negative,train
9198,positive,train
1101,positive,train
1825,positive,train
6073,negative,train
8224,positive,train
4696,positive,train
283,positive,train
6624,positive,train
8590,positive,train
6104,positive,train
135,positive,train
5515,positive,train
573,positive,train
9934,positive,train
8980,negative,train
5124,positive,train
6951,positive,train
2182,positive,train
3479,positive,train
8018,positive,train
97,positive,train
596,positive,train
7867,positive,train
353,positive,train
7778,positive,train
3163,positive,train
4960,positive,train
9073,negative,train
3238,positive,train
8983,negative,train
1118,positive,train
9895,positive,train
7834,positive,train
8091,negative,train
3197,positive,train
313,positive,train
9529,positive,train
3891,positive,train
3261,positive,train
7960,positive,train
1270,positive,train
1872,negative,train
1861,positive,train
317,positive,train
8640,positive,train
4278,negative,train
7388,positive,train
2203,positive,train
3855,positive,train
5847,positive,train
5857,positive,train
3835,positive,train
251,positive,train
2887,positive,train
4882,negative,train
7350,positive,train
5638,positive,train
3923,positive,train
9695,positive,train
5076,negative,train
6564,positive,train
7733,positive,train
9454,positive,train
2333,positive,train
8159,negative,train
9392,positive,train
2835,positive,train
8016,positive,train
4350,positive,train
1032,positive,train
8289,negative,train
1348,positive,train
3871,positive,train
6451,positive,train
2640,positive,train
4152,positive,train
2315,positive,train
6663,positive,train
7571,positive,train
2464,positive,train
3292,positive,train
6707,positive,train
6826,positive,train
6702,positive,train
7419,positive,train
8672,negative,train
5834,positive,train
3217,positive,train
8866,positive,train
2247,positive,train
4069,positive,train
9744,positive,train
8189,positive,train
4080,positive,train
5142,positive,train
7294,positive,train
8759,positive,train
6595,positive,train
9906,positive,train
3907,positive,train
341,positive,train
8336,positive,train
6927,positive,train
4494,positive,train
7917,positive,train
4150,positive,train
634,positive,train
4280,negative,train
28,positive,train
6335,positive,train
6944,positive,train
1225,positive,train
9827,positive,train
8570,positive,train
3228,positive,train
6402,positive,train
6584,negative,train
7503,positive,train
3931,positive,train
395,positive,train
4349,positive,train
1702,positive,train
8394,positive,train
5991,positive,train
5881,positive,train
1309,positive,train
2399,positive,train
7131,positive,train
6602,positive,train
7447,positive,train
9777,positive,train
7488,positive,train
5049,positive,train
4480,positive,train
3972,positive,train
5997,positive,train
4578,positive,train
5631,positive,train
8859,negative,train
6937,positive,train
2461,positive,train
5048,positive,train
7336,positive,train
8175,negative,train
5948,positive,train
80,positive,train
624,positive,train
3309,negative,train
7793,positive,train
2974,negative,train
933,positive,train
7309,positive,train
3312,negative,train
6130,positive,train
335,positive,train
2733,positive,train
5564,positive,train
4938,positive,train
2726,positive,train
7396,positive,train
6139,negative,train
1481,positive,train
5710,positive,train
4114,positive,train
2158,positive,train
119,positive,train
7613,positive,train
7361,negative,train
8622,positive,train
4204,positive,train
8198,positive,train
3626,positive,train
8479,negative,train
2173,positive,train
5859,positive,train
7506,negative,train
3076,positive,train
3831,positive,train
7086,positive,train
7680,positive,train
9944,positive,train
2921,positive,train
1321,negative,train
9349,positive,train
4238,positive,train
9614,positive,train
5326,positive,train
7102,positive,train
2131,positive,train
3051,positive,train
7259,negative,train
2097,positive,train
2236,positive,train
4002,positive,train
7136,positive,train
1931,positive,train
9621,positive,train
7507,positive,train
9875,positive,train
1061,positive,train
321,positive,train
384,positive,train
3511,positive,train
6609,positive,train
4906,positive,train
5371,negative,train
6433,positive,train
6903,positive,train
8806,positive,train
4540,positive,train
3983,positive,train
2795,positive,train
2732,positive,train
3297,positive,train
3083,positive,train
8243,positive,train
4715,negative,train
9044,positive,train
7254,positive,train
8865,positive,train
8923,negative,train
309,positive,train
4909,positive,train
2081,positive,train
6592,negative,train
5822,positive,train
4611,positive,train
8637,positive,train
8907,positive,train
7779,positive,train
1406,positive,train
7508,positive,train
2156,positive,train
691,positive,train
1626,negative,train
738,positive,train
1051,positive,train
8562,positive,train
6370,negative,train
9108,positive,train
7946,positive,train
5502,positive,train
2792,negative,train
5176,negative,train
8517,positive,train
3119,positive,train
345,positive,train
5733,positive,train
332,positive,train
3405,positive,train
1849,positive,train
4801,positive,train
538,positive,train
3499,negative,train
307,positive,train
1056,positive,train
3259,positive,train
918,positive,train
2747,positive,train
2788,positive,train
797,positive,train
386,positive,train
4875,positive,train
6770,positive,train
8957,positive,train
4532,positive,train
1243,positive,train
4058,negative,train
9786,negative,train
2764,positive,train
1369,positive,train
7029,positive,train
643,positive,train
3146,positive,train
5012,positive,train
4091,positive,train
1247,positive,train
6004,positive,train
728,positive,train
8530,positive,train
8668,positive,train
2157,positive,train
3795,positive,train
1310,positive,train
6790,positive,train
9939,positive,train
3434,positive,train
4648,positive,train
6007,positive,train
2380,positive,train
2822,positive,train
9042,positive,train
9469,positive,train
1456,positive,train
1522,positive,train
5128,positive,train
4178,positive,train
4917,positive,train
9417,positive,train
1578,positive,train
5639,positive,train
3198,positive,train
6921,positive,train
3399,positive,train
8132,negative,train
4021,positive,train
1042,positive,train
9288,positive,train
8841,negative,train
2658,positive,train
6072,negative,train
5227,positive,train
7231,positive,train
6372,positive,train
4120,positive,train
1410,negative,train
956,positive,train
9504,positive,train
3865,positive,train
7319,positive,train
6766,positive,train
8402,positive,train
9390,negative,train
8600,positive,train
3748,positive,train
5342,positive,train
1007,positive,train
8165,positive,train
2706,positive,train
3196,positive,train
3219,negative,train
7013,positive,train
4523,negative,train
7186,negative,train
668,positive,train
863,positive,train
7914,positive,train
8389,negative,train
3707,positive,train
5911,positive,train
7870,positive,train
9797,negative,train
4333,positive,train
1781,positive,train
1097,positive,train
3957,positive,train
7402,positive,train
1371,negative,train
5892,positive,train
1341,positive,train
5267,positive,train
3364,negative,train
2934,positive,train
2179,positive,train
3613,positive,train
4182,positive,train
1261,positive,train
2293,positive,train
2425,positive,train
702,positive,train
7686,negative,train
9322,positive,train
7641,positive,train
4172,positive,train
9079,negative,train
9911,positive,train
8679,positive,train
6845,positive,train
9734,positive,train
769,positive,train
4919,positive,train
1379,positive,train
6119,positive,train
7966,positive,train
3616,positive,train
7558,positive,train
2091,positive,train
2885,positive,train
4437,positive,train
2098,positive,train
730,positive,train
6824,positive,train
9431,positive,train
2277,positive,train
3218,positive,train
4460,positive,train
2249,positive,train
9818,positive,train
3859,positive,train
7421,positive,train
2188,positive,train
692,positive,train
3512,positive,train
9637,negative,train
4189,positive,train
7431,negative,train
5216,negative,train
7519,negative,train
9104,positive,train
5201,positive,train
7142,positive,train
2283,positive,train
1285,negative,train
3074,positive,train
3597,positive,train
1030,positive,train
5241,positive,train
3301,positive,train
9730,positive,train
3331,negative,train
3699,positive,train
8719,negative,train
9602,positive,train
5525,positive,train
3082,positive,train
4596,positive,train
9153,positive,train
4982,positive,train
9122,negative,train
7176,positive,train
3484,positive,train
1136,positive,train
1864,positive,train
3264,positive,train
9800,negative,train
791,positive,train
7902,positive,train
7059,positive,train
2622,negative,train
6371,positive,train
922,positive,train
1678,positive,train
3885,positive,train
3256,positive,train
5402,negative,train
149,positive,train
7744,positive,train
5060,negative,train
5867,positive,train
8549,positive,train
577,positive,train
4831,positive,train
4478,positive,train
4865,positive,train
9994,positive,train
152,positive,train
3048,positive,train
3005,positive,train
1172,positive,train
2276,positive,train
2831,positive,train
1853,positive,train
3821,positive,train
4639,positive,train
2257,positive,train
3474,positive,train
3449,positive,train
950,positive,train
4339,positive,train
4963,positive,train
5617,negative,train
6397,positive,train
7610,positive,train
6788,negative,train
7681,positive,train
5149,positive,train
8946,positive,train
6083,positive,train
144,positive,train
8150,negative,train
7328,positive,train
1619,positive,train
2435,positive,train
7458,positive,train
494,positive,train
1562,positive,train
487,positive,train
9300,positive,train
4649,positive,train
3916,positive,train
5047,positive,train
9764,positive,train
3864,positive,train
6774,positive,train
519,positive,train
8315,positive,train
3187,positive,train
5447,negative,train
9246,positive,train
7000,positive,train
4987,positive,train
3877,positive,train
9671,positive,train
8824,positive,train
4815,positive,train
5308,positive,train
7049,positive,train
7829,positive,train
8705,positive,train
3205,positive,train
1548,positive,train
6733,positive,train
8556,positive,train
1620,positive,train
515,positive,train
8944,positive,train
3387,positive,train
820,positive,train
7910,positive,train
8783,negative,train
7318,positive,train
6736,positive,train
2636,negative,train
7222,positive,train
3719,positive,train
7742,positive,train
2604,positive,train
4311,positive,train
7811,positive,train
3527,positive,train
8258,positive,train
3704,positive,train
9970,negative,train
5552,negative,train
7220,positive,train
2057,positive,train
6802,positive,train
6093,positive,train
4577,negative,train
8099,positive,train
1950,negative,train
3943,positive,train
8817,negative,train
4637,positive,train
4151,positive,train
347,positive,train
7331,positive,train
764,positive,train
1422,positive,train
9403,positive,train
6806,positive,train
3305,positive,train
3552,positive,train
355,positive,train
7973,positive,train
9595,positive,train
8877,positive,train
186,positive,train
7978,positive,train
1675,positive,train
754,positive,train
7622,positive,train
2513,positive,train
4232,positive,train
2497,positive,train
4015,positive,train
2132,negative,train
6218,positive,train
2881,positive,train
6366,positive,train
5271,positive,train
3743,positive,train
1142,negative,train
2940,positive,train
8913,negative,train
279,positive,train
9351,positive,train
6798,positive,train
8984,positive,train
7831,positive,train
1070,positive,train
7513,positive,train
1292,positive,train
9693,positive,train
2476,positive,train
1913,positive,train
7703,positive,train
7723,positive,train
7096,positive,train
7579,positive,train
5035,positive,train
293,positive,train
2968,positive,train
5064,negative,train
382,positive,train
838,positive,train
1948,positive,train
1493,negative,train
3892,positive,train
9100,positive,train
5472,positive,train
2267,negative,train
8445,positive,train
5130,positive,train
9119,negative,train
5826,positive,train
3904,positive,train
9344,negative,train
5478,positive,train
859,positive,train
8361,positive,train
8048,positive,train
408,positive,train
3383,positive,train
6603,positive,train
2645,positive,train
9673,positive,train
7323,positive,train
389,positive,train
5621,negative,train
7998,negative,train
5902,negative,train
6164,positive,train
101,positive,train
3408,positive,train
9860,positive,train
3739,positive,train
7245,positive,train
1927,positive,train
2512,positive,train
8433,positive,train
793,positive,train
4573,positive,train
2723,positive,train
1198,positive,train
4822,positive,train
2855,positive,train
8309,positive,train
8554,positive,train
2164,positive,train
2737,positive,train
4689,positive,train
3093,positive,train
8418,negative,train
7007,positive,train
7852,positive,train
5940,positive,train
2282,positive,train
4400,positive,train
2308,positive,train
5615,positive,train
7578,positive,train
3652,positive,train
1960,positive,train
876,positive,train
4609,positive,train
9876,negative,train
3410,positive,train
3420,positive,train
1374,positive,train
4017,positive,train
8857,positive,train
6658,positive,train
8496,positive,train
858,positive,train
4487,positive,train
5765,positive,train
9732,positive,train
7844,positive,train
2077,positive,train
6244,positive,train
4765,positive,train
609,positive,train
4096,positive,train
3637,positive,train
177,positive,train
940,positive,train
7062,positive,train
4482,positive,train
434,positive,train
6216,positive,train
8415,positive,train
760,positive,train
9901,positive,train
5863,positive,train
8283,positive,train
4674,negative,train
4183,positive,train
7875,positive,train
7774,positive,train
6465,positive,train
3056,positive,train
1238,positive,train
2369,negative,train
8143,positive,train
6596,negative,train
9467,negative,train
4547,positive,train
1526,positive,train
9962,positive,train
1768,positive,train
8870,positive,train
1346,negative,train
5711,positive,train
4385,positive,train
4656,positive,train
6282,positive,train
626,positive,train
7989,positive,train
3273,positive,train
8744,positive,train
3872,positive,train
9157,negative,train
6939,positive,train
7178,positive,train
5698,positive,train
2491,positive,train
7662,positive,train
4932,positive,train
1462,positive,train
2677,positive,train
2183,positive,train
284,positive,train
2494,positive,train
1229,positive,train
5912,positive,train
6074,negative,train
1785,positive,train
3284,positive,train
4744,positive,train
7293,positive,train
2959,positive,train
5898,positive,train
4695,positive,train
1857,positive,train
4505,positive,train
5575,negative,train
4115,positive,train
92,positive,train
2360,positive,train
9179,positive,train
4439,positive,train
2016,positive,train
1693,positive,train
4734,negative,train
8127,negative,train
9971,positive,train
4060,positive,train
9280,positive,train
4118,positive,train
591,negative,train
5776,negative,train
6792,positive,train
4101,positive,train
1440,positive,train
8230,positive,train
6014,positive,train
4245,positive,train
7341,positive,train
6050,positive,train
6842,positive,train
9143,positive,train
7603,positive,train
503,positive,train
8684,negative,train
5620,positive,train
3127,negative,train
7205,positive,train
9739,positive,train
3614,positive,train
2599,positive,train
7632,positive,train
3150,positive,train
1565,negative,train
5177,positive,train
3036,positive,train
1100,positive,train
1447,positive,train
3278,positive,train
5987,positive,train
1911,positive,train
3265,positive,train
8680,positive,train
6199,negative,train
1300,negative,train
3666,positive,train
6384,negative,train
913,positive,train
794,positive,train
9279,positive,train
4059,positive,train
6425,positive,train
7986,positive,train
2044,positive,train
4305,positive,train
2427,positive,train
2492,positive,train
3046,positive,train
9885,positive,train
7937,positive,train
9452,positive,train
9468,positive,train
6480,positive,train
6027,positive,train
9701,positive,train
3073,positive,train
1018,positive,train
3763,positive,train
7285,positive,train
8758,positive,train
6197,positive,train
8060,negative,train
477,positive,train
5027,positive,train
4531,positive,train
4826,positive,train
6264,negative,train
7597,positive,train
3053,positive,train
213,negative,train
6587,positive,train
4628,positive,train
8118,positive,train
3058,positive,train
7866,positive,train
724,positive,train
6475,positive,train
888,positive,train
4675,positive,train
3213,positive,train
5118,positive,train
1163,positive,train
4071,positive,train
9226,positive,train
8548,positive,train
819,positive,train
9166,positive,train
1912,positive,train
9941,positive,train
1583,positive,train
1866,positive,train
5746,positive,train
2048,positive,train
2063,positive,train
0,positive,train
4179,positive,train
9487,negative,train
9159,negative,train
7174,positive,train
8242,positive,train
3422,positive,train
8750,positive,train
5486,positive,train
110,positive,train
6326,positive,train
4287,positive,train
6185,positive,train
6941,positive,train
8910,positive,train
5833,positive,train
5298,positive,train
8861,positive,train
5566,negative,train
4899,negative,train
5115,positive,train
7889,positive,train
8136,positive,train
2863,positive,train
3672,positive,train
1519,positive,train
1881,negative,train
4916,positive,train
4082,negative,train
2306,positive,train
414,positive,train
6395,positive,train
9802,positive,train
7474,positive,train
6454,negative,train
713,positive,train
1549,negative,train
8062,positive,train
7730,positive,train
4772,positive,train
554,positive,train
3444,positive,train
441,positive,train
6661,positive,train
617,positive,train
867,positive,train
6458,positive,train
924,positive,train
4624,positive,train
6721,positive,train
4365,positive,train
7032,positive,train
9066,positive,train
8039,positive,train
4599,positive,train
336,positive,train
1550,negative,train
7154,positive,train
6304,positive,train
7982,positive,train
7813,positive,train
9636,positive,train
3985,positive,train
9572,positive,train
258,positive,train
6378,positive,train
5399,positive,train
3443,positive,train
3468,positive,train
6829,positive,train
2916,positive,train
522,positive,train
3974,positive,train
9525,negative,train
1013,positive,train
686,positive,train
4984,positive,train
3858,positive,train
3581,positive,train
615,positive,train
1886,positive,train
1281,negative,train
6095,positive,train
7287,positive,train
2005,positive,train
7248,positive,train
6875,positive,train
6742,positive,train
5373,negative,train
7957,negative,train
3415,positive,train
6720,positive,train
8191,positive,train
6886,negative,train
1664,positive,train
578,positive,train
9413,positive,train
6866,positive,train
6933,positive,train
868,positive,train
5052,negative,train
2611,positive,train
6443,positive,train
8373,positive,train
4956,positive,train
3919,positive,train
2065,positive,train
7739,positive,train
6318,positive,train
1498,negative,train
6816,positive,train
4038,positive,train
4988,positive,train
3462,positive,train
1480,positive,train
9371,negative,train
9985,negative,train
1918,positive,train
1694,positive,train
3418,positive,train
8936,positive,train
2418,negative,train
1381,positive,train
5812,positive,train
8408,positive,train
416,positive,train
260,positive,train
7761,positive,train
8502,positive,train
7185,positive,train
4061,positive,train
3350,positive,train
6236,positive,train
9409,positive,train
725,positive,train
4604,positive,train
4467,positive,train
3008,negative,train
8337,negative,train
9996,positive,train
8355,positive,train
3019,negative,train
1208,positive,train
770,positive,train
9897,positive,train
1789,positive,train
1944,positive,train
614,positive,train
3958,positive,train
3573,positive,train
2228,negative,train
5947,positive,train
4084,positive,train
8266,positive,train
1518,positive,train
561,positive,train
9277,positive,train
7273,positive,train
7227,positive,train
2708,positive,train
8095,positive,train
6510,positive,train
1443,positive,train
2108,positive,train
8146,positive,train
6294,positive,train
5179,positive,train
2758,negative,train
1185,positive,train
2669,positive,train
3340,positive,train
419,positive,train
9206,negative,train
9443,negative,train
5302,positive,train
5331,positive,train
8860,negative,train
3567,positive,train
6722,positive,train
4510,positive,train
4623,positive,train
5896,positive,train
2181,positive,train
4936,positive,train
1972,positive,train
1590,positive,train
4786,positive,train
3172,positive,train
7223,positive,train
7652,positive,train
8872,positive,train
7642,positive,train
8864,negative,train
2508,positive,train
8929,negative,train
7559,positive,train
344,positive,train
8308,negative,train
1745,positive,train
1022,positive,train
2734,positive,train
27,negative,train
8926,positive,train
7735,positive,train
6909,positive,train
5152,positive,train
6639,positive,train
8772,positive,train
8082,positive,train
8063,negative,train
9048,negative,train
5806,positive,train
5071,positive,train
2095,negative,train
8417,positive,train
3950,positive,train
9603,positive,train
8400,positive,train
4426,positive,train
2328,positive,train
1117,positive,train
4650,positive,train
6281,negative,train
3914,positive,train
7481,positive,train
1458,positive,train
6775,positive,train
9993,positive,train
2075,positive,train
8917,positive,train
4616,positive,train
4947,positive,train
3185,positive,train
1530,negative,train
6895,positive,train
5923,positive,train
5199,positive,train
9123,positive,train
8378,positive,train
2751,negative,train
2566,positive,train
6323,positive,train
3111,positive,train
7479,positive,train
3579,positive,train
9215,negative,train
9183,positive,train
9225,negative,train
8388,negative,train
6068,positive,train
5159,negative,train
637,positive,train
8304,negative,train
5288,negative,train
6856,positive,train
9735,negative,train
8789,negative,train
6502,positive,train
6016,positive,train
2956,positive,train
9256,positive,train
9271,positive,train
660,positive,train
2861,positive,train
8073,negative,train
3097,positive,train
6546,positive,train
8840,positive,train
7854,positive,train
3531,positive,train
4125,positive,train
6138,positive,train
2109,positive,train
5480,positive,train
2933,positive,train
9247,positive,train
3009,positive,train
3599,positive,train
3099,positive,train
2614,positive,train
6812,positive,train
5901,positive,train
835,positive,train
9012,negative,train
932,positive,train
7794,positive,train
3101,positive,train
6640,positive,train
8626,positive,train
2615,positive,train
7055,positive,train
6992,positive,train
2089,positive,train
6660,negative,train
7551,positive,train
3547,positive,train
385,positive,train
5261,positive,train
4855,positive,train
1631,positive,train
2084,positive,train
4217,positive,train
3727,positive,train
8225,positive,train
8774,positive,train
6484,positive,train
5935,positive,train
5062,positive,train
2943,positive,train
520,positive,train
9749,positive,train
1846,positive,train
6031,positive,train
5279,positive,train
9772,positive,train
3131,negative,train
1727,positive,train
7065,negative,train
8327,positive,train
1970,positive,train
9681,positive,train
4171,positive,train
2149,positive,train
8992,positive,train
350,negative,train
9363,positive,train
8030,positive,train
8440,positive,train
1201,positive,train
6096,positive,train
1195,positive,train
600,positive,train
1121,positive,train
8839,positive,train
6993,positive,train
6837,positive,train
8606,positive,train
3337,positive,train
780,positive,train
462,positive,train
1171,positive,train
1184,positive,train
7669,negative,train
1169,positive,train
732,positive,train
8470,positive,train
3610,positive,train
3130,positive,train
7644,positive,train
9243,positive,train
741,positive,train
2327,positive,train
9535,negative,train
9287,positive,train
8573,negative,train
6432,positive,train
3585,positive,train
2204,positive,train
3619,positive,train
2368,negative,train
7585,positive,train
4493,positive,train
3737,positive,train
3697,positive,train
9916,positive,train
4283,positive,train
348,positive,train
5981,negative,train
3900,positive,train
5021,positive,train
2770,positive,train
7545,positive,train
1800,positive,train
4743,positive,train
1103,positive,train
2279,positive,train
8550,positive,train
9748,positive,train
3227,positive,train
4848,positive,train
5676,positive,train
54,positive,train
1662,positive,train
8928,positive,train
8572,positive,train
9512,positive,train
4327,positive,train
8661,positive,train
6293,positive,train
7582,positive,train
2577,positive,train
4998,positive,train
6573,positive,train
7770,positive,train
2709,positive,train
2850,positive,train
5145,positive,train
3522,positive,train
8053,positive,train
2825,negative,train
9900,positive,train
4555,positive,train
8339,positive,train
9047,positive,train
816,positive,train
7170,positive,train
9050,positive,train
3377,positive,train
5247,positive,train
3142,negative,train
5708,positive,train
5528,positive,train
7602,positive,train
2913,positive,train
4791,positive,train
2948,positive,train
1265,positive,train
5058,negative,train
5823,positive,train
748,positive,train
4587,positive,train
2244,positive,train
8512,positive,train
5417,positive,train
4483,positive,train
9600,positive,train
9801,negative,train
5835,negative,train
7124,positive,train
253,positive,train
9647,positive,train
6328,positive,train
8117,positive,train
5256,positive,train
55,positive,train
7215,positive,train
6445,positive,train
2928,positive,train
6342,positive,train
2848,positive,train
5716,positive,train
8255,positive,train
1703,negative,train
5332,negative,train
2798,positive,train
6853,positive,train
5235,positive,train
6305,positive,train
9597,positive,train
3649,positive,train
9184,positive,train
2776,negative,train
4921,positive,train
8414,positive,train
705,positive,train
6726,positive,train
4821,positive,train
4380,positive,train
3993,positive,train
8444,positive,train
8858,negative,train
2638,negative,train
2339,positive,train
9754,positive,train
2051,positive,train
7925,positive,train
3687,positive,train
9178,positive,train
2195,positive,train
2552,positive,train
5614,positive,train
2152,positive,train
6529,positive,train
8658,positive,train
1495,positive,train
7855,positive,train
2687,positive,train
9059,positive,train
7788,negative,train
1245,positive,train
7428,positive,train
1688,positive,train
2696,positive,train
9,positive,train
1723,negative,train
5683,positive,train
8999,positive,train
1955,positive,train
4029,positive,train
8645,negative,train
1754,positive,train
8635,positive,train
4553,negative,train
9023,positive,train
7523,negative,train
7079,negative,train
8727,positive,train
2679,positive,train
8558,positive,train
1294,positive,train
7707,positive,train
8823,positive,train
1215,positive,train
8045,positive,train
3954,positive,train
2049,positive,train
4961,positive,train
7922,positive,train
9415,positive,train
5667,negative,train
6857,positive,train
1305,positive,train
4073,positive,train
4955,positive,train
5428,negative,train
928,positive,train
639,positive,train
4737,positive,train
7769,positive,train
8674,positive,train
8482,positive,train
9485,positive,train
1622,positive,train
1244,positive,train
3694,positive,train
7378,positive,train
4109,positive,train
8754,positive,train
4444,positive,train
3948,positive,train
6512,positive,train
4654,positive,train
8184,positive,train
9543,positive,train
7161,positive,train
5642,positive,train
5999,positive,train
9124,positive,train
360,positive,train
69,positive,train
1181,negative,train
980,positive,train
4392,positive,train
6839,positive,train
8087,positive,train
464,positive,train
2061,positive,train
3551,positive,train
7933,positive,train
378,positive,train
883,positive,train
6485,positive,train
3253,positive,train
4224,positive,train
8155,positive,train
1242,positive,train
2576,positive,train
8094,positive,train
9304,negative,train
1219,positive,train
773,positive,train
6983,positive,train
2950,positive,train
2488,positive,train
6279,positive,train
7645,positive,train
1946,negative,train
5181,positive,train
2468,positive,train
7849,negative,train
2589,positive,train
4320,negative,train
3033,positive,train
7562,positive,train
8954,positive,train
8716,positive,train
1203,positive,train
945,positive,train
3440,positive,train
6184,positive,train
7277,positive,train
6253,positive,train
5807,positive,train
1394,positive,train
744,positive,train
146,positive,train
7289,positive,train
4195,positive,train
7564,positive,train
6497,positive,train
4608,positive,train
5646,positive,train
9149,positive,train
8122,positive,train
1656,negative,train
5563,positive,train
4926,positive,train
2475,positive,train
8826,positive,train
7313,positive,train
6539,positive,train
2840,positive,train
3901,negative,train
8656,positive,train
1597,positive,train
6773,positive,train
6505,positive,train
6754,positive,train
640,positive,train
7139,positive,train
1797,positive,train
6359,positive,train
5654,positive,train
8788,positive,train
333,positive,train
5493,negative,train
3064,positive,train
2474,positive,train
166,positive,train
8202,negative,train
8730,positive,train
9924,negative,train
1543,negative,train
324,positive,train
1474,positive,train
6011,positive,train
5038,positive,train
6422,negative,train
7040,positive,train
5759,positive,train
1128,positive,train
4788,positive,train
2436,positive,train
5390,negative,train
9661,positive,train
2585,positive,train
5389,negative,train
9410,positive,train
4420,positive,train
6128,positive,train
3536,positive,train
7647,positive,train
5764,positive,train
8500,positive,train
2176,positive,train
5146,positive,train
3751,positive,train
7993,positive,train
338,positive,train
7400,negative,train
7113,positive,train
7305,positive,train
4653,positive,train
6878,positive,train
6988,negative,train
8047,positive,train
4274,negative,train
9987,positive,train
1471,positive,train
2026,positive,train
8596,positive,train
5113,positive,train
6714,positive,train
8876,positive,train
8801,positive,train
7387,positive,train
3438,positive,train
3969,positive,train
4533,negative,train
13,positive,train
9029,positive,train
9859,positive,train
1930,positive,train
2998,negative,train
6059,positive,train
9087,positive,train
7684,positive,train
8793,positive,train
6193,positive,train
8488,positive,train
9799,negative,train
9447,positive,train
6452,positive,train
7159,positive,train
4580,positive,train
3386,positive,train
7765,positive,train
8504,positive,train
9817,positive,train
6905,positive,train
8468,positive,train
8437,positive,train
1428,positive,train
9623,positive,train
8648,negative,train
1457,positive,train
6194,positive,train
7265,negative,train
1505,positive,train
9471,positive,train
2217,positive,train
6786,positive,train
3894,positive,train
5582,positive,train
4053,positive,train
7995,positive,train
6390,positive,train
2321,positive,train
5014,positive,train
963,positive,train
6257,positive,train
9709,positive,train
9010,positive,train
6500,positive,train
5873,positive,train
663,positive,train
6739,negative,train
8357,negative,train
6900,positive,train
9333,negative,train
5432,positive,train
2169,positive,train
6348,positive,train
8813,positive,train
8701,positive,train
2047,positive,train
2967,positive,train
3204,positive,train
3518,positive,train
6627,positive,train
8455,positive,train
1653,positive,train
6000,negative,train
9127,negative,train
9257,positive,train
7812,positive,train
6396,positive,train
9873,positive,train
9838,positive,train
6202,positive,train
4905,positive,train
4954,positive,train
4137,negative,train
1628,positive,train
1890,positive,train
9974,positive,train
8024,positive,train
2222,positive,train
3937,positive,train
7406,positive,train
1449,positive,train
9620,positive,train
8681,positive,train
2955,positive,train
9383,negative,train
961,positive,train
1788,positive,train
8608,positive,train
5168,positive,train
2003,positive,train
422,positive,train
4237,negative,train
2150,positive,train
870,positive,train
1986,positive,train
7015,positive,train
1733,positive,train
117,positive,train
3436,positive,train
9717,positive,train
6795,positive,train
2325,positive,train
9135,positive,train
329,positive,train
6136,negative,train
5715,positive,train
3447,positive,train
145,positive,train
1404,positive,train
5719,positive,train
1085,positive,train
8775,positive,train
755,positive,train
7368,positive,train
7023,positive,train
466,positive,train
9672,positive,train
6957,positive,train
2335,positive,train
9285,negative,train
6727,positive,train
1633,positive,train
4727,negative,train
5850,negative,train
2949,positive,train
9416,positive,train
5801,positive,train
9240,positive,train
9461,positive,train
5724,negative,train
4330,negative,train
8130,negative,train
2463,positive,train
9267,positive,train
5245,positive,train
7776,positive,train
7005,positive,train
1116,positive,train
4391,positive,train
6437,positive,train
1651,positive,train
926,positive,train
6188,positive,train
6676,positive,train
5703,positive,train
1124,positive,train
9430,positive,train
3644,positive,train
6504,positive,train
1357,positive,train
3982,negative,train
43,positive,train
1452,positive,train
7692,positive,train
1389,positive,train
1129,positive,train
4592,positive,train
8413,positive,train
3534,positive,train
8616,positive,train
7734,positive,train
6207,positive,train
1729,positive,train
2342,positive,train
3250,positive,train
2888,positive,train
2941,positive,train
1127,positive,train
729,positive,train
2832,negative,train
919,positive,train
8108,positive,train
9967,positive,train
1798,positive,train
9604,negative,train
664,positive,train
138,positive,train
5489,positive,train
6077,positive,train
3201,positive,train
8889,positive,train
7253,positive,train
301,positive,train
9397,negative,train
7286,positive,train
6494,positive,train
3609,positive,train
4471,positive,train
9813,positive,train
5358,negative,train
4450,positive,train
9186,positive,train
6134,negative,train
4298,negative,train
8961,positive,train
9841,positive,train
3344,positive,train
9191,positive,train
4294,positive,train
7190,positive,train
5388,negative,train
3852,positive,train
2711,positive,train
5092,positive,train
7939,positive,train
8043,positive,train
8577,positive,train
3319,negative,train
4006,positive,train
1695,positive,train
9093,positive,train
9822,positive,train
5458,positive,train
3455,positive,train
8201,positive,train
8369,positive,train
4889,positive,train
544,positive,train
1517,positive,train
3995,positive,train
4920,positive,train
4872,positive,train
3902,positive,train
4681,positive,train
4014,positive,train
249,positive,train
5725,negative,train
4221,negative,train
5602,positive,train
6701,positive,train
6885,positive,train
2055,positive,train
1617,positive,train
2859,positive,train
8962,positive,train
1572,negative,train
5264,positive,train
2504,positive,train
9837,positive,train
2345,positive,train
8004,positive,train
8688,negative,train
9453,positive,train
4205,positive,train
8981,positive,train
6888,positive,train
8781,positive,train
4833,positive,train
8736,positive,train
5413,positive,train
2762,negative,train
833,positive,train
5285,negative,train
9566,positive,train
7282,positive,train
5276,positive,train
2546,positive,train
1287,negative,train
9025,negative,train
3285,positive,train
8882,positive,train
5581,positive,train
6566,negative,train
3896,positive,train
9134,negative,train
9436,negative,train
2906,positive,train
6198,positive,train
362,positive,train
3210,negative,train
2483,positive,train
7805,positive,train
8448,positive,train
5871,positive,train
5017,positive,train
6801,positive,train
2624,positive,train
9598,positive,train
4371,positive,train
4168,positive,train
4529,positive,train
2756,negative,train
9396,negative,train
7940,positive,train
8067,positive,train
2235,positive,train
7053,positive,train
5820,positive,train
6578,positive,train
8816,negative,train
8177,positive,train
8349,positive,train
2843,positive,train
6170,positive,train
7741,positive,train
2367,positive,train
7950,positive,train
365,positive,train
6182,positive,train
1412,positive,train
6668,positive,train
3790,positive,train
6920,negative,train
8260,negative,train
1397,positive,train
9979,negative,train
7226,positive,train
2869,positive,train
6158,positive,train
1681,positive,train
2433,positive,train
5611,negative,train
6712,positive,train
9488,negative,train
8505,positive,train
4761,positive,train
8392,positive,train
2218,positive,train
2146,positive,train
8453,positive,train
6794,positive,train
4803,positive,train
908,positive,train
9624,positive,train
1542,positive,train
6239,positive,train
7188,positive,train
5419,positive,train
4827,positive,train
8021,negative,train
7938,positive,train
2159,positive,train
7107,negative,train
3685,positive,train
7820,positive,train
9917,positive,train
3939,positive,train
3181,positive,train
4252,positive,train
7046,positive,train
6429,positive,train
8214,positive,train
6481,positive,train
3963,negative,train
5385,positive,train
1425,positive,train
9913,positive,train
5687,positive,train
5286,positive,train
6179,positive,train
1655,positive,train
8475,positive,train
7307,positive,train
7133,positive,train
892,positive,train
7487,positive,train
1113,negative,train
2864,positive,train
4336,negative,train
6153,positive,train
4443,positive,train
9587,negative,train
2319,positive,train
6192,positive,train
5916,positive,train
2496,positive,train
6230,positive,train
9539,positive,train
3881,positive,train
4065,positive,train
5055,positive,train
2424,positive,train
6861,positive,train
1776,positive,train
9706,positive,train
8564,positive,train
4799,positive,train
4428,negative,train
4089,negative,train
2890,positive,train
4209,positive,train
3168,positive,train
9659,positive,train
8100,positive,train
4378,positive,train
4511,positive,train
9083,positive,train
2517,positive,train
4844,positive,train
3548,positive,train
3844,positive,train
340,positive,train
3089,positive,train
5810,positive,train
3336,positive,train
7920,positive,train
7531,positive,train
5192,positive,train
3979,positive,train
9165,positive,train
9745,negative,train
3740,positive,train
4407,negative,train
9521,positive,train
5544,negative,train
7524,negative,train
3545,positive,train
4236,positive,train
7004,positive,train
3240,positive,train
6526,positive,train
4520,positive,train
3604,negative,train
4973,positive,train
6800,positive,train
5292,positive,train
3407,negative,train
6349,positive,train
3433,positive,train
2963,negative,train
8591,positive,train
5739,positive,train
1905,positive,train
5341,negative,train
2641,positive,train
6784,positive,train
4683,positive,train
6463,positive,train
5040,positive,train
116,positive,train
6092,positive,train
9593,positive,train
2652,negative,train
2503,positive,train
4690,positive,train
887,positive,train
4766,positive,train
895,positive,train
2014,positive,train
5384,positive,train
6576,positive,train
8147,positive,train
3676,positive,train
1940,negative,train
5537,positive,train
7781,positive,train
5474,positive,train
1134,positive,train
9848,positive,train
7653,positive,train
6339,positive,train
7472,positive,train
9067,positive,train
5673,positive,train
4886,positive,train
3564,positive,train
1391,positive,train
8733,positive,train
947,positive,train
9041,positive,train
5143,positive,train
3553,positive,train
5986,positive,train
9057,positive,train
6122,positive,train
807,positive,train
6156,negative,train
2922,positive,train
4941,positive,train
8273,positive,train
2431,positive,train
6316,positive,train
2865,positive,train
5255,positive,train
2804,positive,train
4847,positive,train
3071,positive,train
9203,positive,train
6114,positive,train
2467,negative,train
3591,positive,train
7930,positive,train
4630,negative,train
342,positive,train
6228,positive,train
695,positive,train
4389,negative,train
5926,negative,train
1748,positive,train
742,positive,train
9762,positive,train
4018,positive,train
1106,negative,train
7084,positive,train
7691,positive,train
6530,positive,train
6200,positive,train
100,positive,train
5099,positive,train
9389,negative,train
4522,positive,train
2991,positive,train
7039,positive,train
7270,positive,train
1037,positive,train
4218,positive,train
7944,positive,train
4585,positive,train
2838,positive,train
4035,positive,train
9711,negative,train
5890,positive,train
6071,positive,train
1099,positive,train
5977,positive,train
504,positive,train
771,positive,train
1130,positive,train
8972,positive,train
3819,positive,train
2120,positive,train
4418,positive,train
5042,positive,train
6055,positive,train
2401,positive,train
4047,positive,train
9757,positive,train
3577,positive,train
2525,positive,train
3078,positive,train
418,positive,train
31,positive,train
1805,positive,train
6931,positive,train
4928,positive,train
7816,positive,train
3000,negative,train
9583,negative,train
9926,positive,train
6879,positive,train
654,positive,train
9161,positive,train
9477,negative,train
1782,positive,train
7337,positive,train
4408,negative,train
7740,positive,train
6912,positive,train
3820,positive,train
2301,positive,train
7536,positive,train
2227,positive,train
1686,positive,train
3977,positive,train
8115,positive,train
7696,positive,train
6032,negative,train
5645,positive,train
2359,positive,train
104,positive,train
5817,positive,train
6324,positive,train
1433,positive,train
6918,negative,train
485,positive,train
7338,negative,train
7306,negative,train
1575,positive,train
3108,positive,train
9921,negative,train
3367,positive,train
6337,positive,train
8246,positive,train
6691,negative,train
3282,positive,train
3827,positive,train
7158,positive,train
5877,positive,train
6431,positive,train
2646,positive,train
962,positive,train
7499,positive,train
346,positive,train
4243,negative,train
5542,positive,train
1835,positive,train
5316,negative,train
5086,positive,train
2385,positive,train
4376,positive,train
7861,positive,train
5689,positive,train
3568,positive,train
9617,positive,train
7701,positive,train
5498,positive,train
958,positive,train
9565,positive,train
9014,negative,train
2724,positive,train
7224,positive,train
169,negative,train
4394,positive,train
9163,positive,train
1463,positive,train
5658,positive,train
7108,positive,train
452,positive,train
6054,positive,train
2666,negative,train
7927,positive,train
5215,positive,train
4539,positive,train
223,positive,train
5522,positive,train
1351,negative,train
4632,positive,train
974,positive,train
5360,positive,train
7097,positive,train
7083,positive,train
79,positive,train
8059,positive,train
7835,positive,train
5845,negative,train
2374,positive,train
7022,positive,train
3915,negative,train
4186,positive,train
2510,positive,train
2561,negative,train
8815,positive,train
5462,positive,train
6215,positive,train
4760,positive,train
8275,negative,train
8820,positive,train
1256,positive,train
5802,positive,train
2348,positive,train
4410,positive,train
2821,positive,train
6441,negative,train
6834,positive,train
5328,positive,train
3077,positive,train
9819,positive,train
8807,negative,train
8025,positive,train
3537,positive,train
8212,positive,train
7915,positive,train
1926,positive,train
5005,positive,train
2744,positive,train
1974,positive,train
4438,positive,train
5185,negative,train
721,positive,train
8359,positive,train
9517,positive,train
6741,positive,train
9448,positive,train
7807,positive,train
3232,negative,train
823,positive,train
7120,positive,train
8888,negative,train
4525,positive,train
4598,positive,train
6351,positive,train
7301,negative,train
726,positive,train
7783,negative,train
2957,positive,train
5827,positive,train
2484,positive,train
3905,positive,train
7583,positive,train
1589,negative,train
4622,positive,train
427,positive,train
482,positive,train
9055,positive,train
5454,negative,train
9478,positive,train
2892,positive,train
824,positive,train
1661,positive,train
7780,positive,train
7339,positive,train
9509,positive,train
7609,positive,train
1131,positive,train
588,positive,train
8800,positive,train
3467,positive,train
4027,positive,train
7934,positive,train
9361,positive,train
2971,positive,train
1654,positive,train
8376,positive,train
7683,positive,train
8001,positive,train
7945,positive,train
7494,negative,train
9835,positive,train
8593,positive,train
9760,positive,train
4431,positive,train
5050,positive,train
8720,positive,train
2662,negative,train
9886,positive,train
7462,positive,train
1090,positive,train
9524,positive,train
7935,positive,train
5395,negative,train
720,positive,train
8779,negative,train
8925,negative,train
9766,positive,train
811,positive,train
5876,positive,train
5726,negative,train
8528,positive,train
9204,negative,train
4076,positive,train
8135,positive,train
4606,positive,train
4258,positive,train
5277,positive,train
6815,positive,train
6862,positive,train
6851,positive,train
6162,positive,train
4316,positive,train
9316,positive,train
3925,positive,train
330,positive,train
2224,positive,train
1202,positive,train
9811,negative,train
9117,negative,train
9208,positive,train
9089,positive,train
2100,positive,train
4873,positive,train
5944,positive,train
3808,positive,train
2978,positive,train
9630,positive,train
9758,positive,train
914,positive,train
8226,negative,train
4406,positive,train
7567,positive,train
5791,negative,train
814,positive,train
4161,positive,train
2684,positive,train
6147,positive,train
5065,negative,train
3667,positive,train
7872,positive,train
7510,positive,train
7706,positive,train
6271,negative,train
5096,positive,train
2136,positive,train
4154,positive,train
7,positive,train
4222,positive,train
7246,positive,train
5170,positive,train
8646,negative,train
1065,positive,train
3711,positive,train
3170,positive,train
3079,positive,train
171,positive,train
6284,positive,train
7345,positive,train
9751,positive,train
7407,positive,train
6970,positive,train
6308,positive,train
4473,positive,train
8875,positive,train
889,negative,train
5605,positive,train
8743,positive,train
7137,positive,train
458,positive,train
8464,negative,train
5134,positive,train
5287,positive,train
2350,negative,train
915,positive,train
6341,positive,train
9214,negative,train
5971,positive,train
4694,positive,train
6034,negative,train
6051,positive,train
9323,negative,train
9883,positive,train
9580,negative,train
7275,positive,train
2389,positive,train
8072,negative,train
1563,positive,train
9110,positive,train
3453,positive,train
9398,positive,train
1676,positive,train
6474,positive,train
8005,negative,train
2069,negative,train
6980,negative,train
5636,positive,train
1187,positive,train
7800,positive,train
565,positive,train
4705,positive,train
2932,positive,train
1711,positive,train
539,positive,train
3733,positive,train
7625,positive,train
6392,positive,train
9527,positive,train
2961,positive,train
3860,negative,train
1752,positive,train
3311,negative,train
7416,positive,train
8702,positive,train
2242,positive,train
6955,positive,train
1339,positive,train
7480,positive,train
6107,positive,train
4421,positive,train
7028,positive,train
2531,negative,train
1829,positive,train
6899,negative,train
1504,positive,train
2413,positive,train
3854,positive,train
6637,positive,train
2250,positive,train
651,positive,train
2590,positive,train
3596,positive,train
3765,positive,train
9932,positive,train
1033,positive,train
2020,positive,train
2199,positive,train
7077,positive,train
4832,positive,train
4579,positive,train
3513,positive,train
5120,positive,train
9341,positive,train
3060,positive,train
1609,negative,train
8955,negative,train
3184,positive,train
1660,positive,train
3729,positive,train
1916,positive,train
5970,negative,train
1189,positive,train
9850,positive,train
5741,negative,train
8625,positive,train
3272,positive,train
7485,negative,train
3286,positive,train
1852,positive,train
4046,positive,train
8723,positive,train
7343,positive,train
9940,positive,train
944,positive,train
9220,positive,train
122,positive,train
1491,positive,train
3215,positive,train
8707,positive,train
4447,positive,train
4605,negative,train
6052,positive,train
6906,positive,train
9812,positive,train
5469,positive,train
4070,positive,train
3683,positive,train
391,positive,train
3785,positive,train
6419,positive,train
5266,positive,train
6740,positive,train
4486,positive,train
2040,negative,train
9274,negative,train
9308,positive,train
4783,positive,train
5084,positive,train
2038,positive,train
2066,positive,train
9577,positive,train
7160,positive,train
1119,positive,train
6814,positive,train
1928,positive,train
6967,negative,train
4778,positive,train
5122,positive,train
7330,positive,train
747,positive,train
1267,positive,train
5946,positive,train
3514,positive,train
5796,positive,train
8054,positive,train
3930,positive,train
6738,positive,train
3063,positive,train
8294,positive,train
2601,positive,train
9763,positive,train
9910,positive,train
5248,positive,train
3971,positive,train
7563,positive,train
7182,positive,train
4663,positive,train
8778,positive,train
853,positive,train
7166,negative,train
6312,positive,train
9592,positive,train
4013,positive,train
2207,positive,train
1177,negative,train
5839,positive,train
9207,negative,train
5129,negative,train
6448,positive,train
5778,positive,train
2980,negative,train
3873,positive,train
1104,positive,train
1997,positive,train
2717,positive,train
505,positive,train
7745,positive,train
8988,positive,train
2446,positive,train
7002,positive,train
8459,positive,train
9321,positive,train
6850,positive,train
7395,positive,train
7017,positive,train
5576,positive,train
5894,positive,train
6557,positive,train
8123,positive,train
8704,positive,train
4646,positive,train
1670,positive,train
5840,positive,train
3136,negative,train
4107,positive,train
5378,positive,train
9005,positive,train
4034,positive,train
3266,positive,train
5001,positive,train
4655,positive,train
7760,positive,train
2429,positive,train
3024,negative,train
2007,positive,train
3786,positive,train
9249,positive,train
2405,positive,train
4123,positive,train
2501,negative,train
997,positive,train
6447,negative,train
7149,positive,train
2460,positive,train
5282,positive,train
9984,positive,train
7658,positive,train
7061,positive,train
9651,negative,train
8914,negative,train
1269,positive,train
518,positive,train
6586,positive,train
5567,positive,train
6619,negative,train
9538,positive,train
7364,positive,train
912,positive,train
1021,positive,train
3941,positive,train
7987,positive,train
6210,positive,train
4867,positive,train
1747,positive,train
8930,positive,train
6238,positive,train
3437,positive,train
7333,positive,train
805,positive,train
1773,positive,train
2265,positive,train
4720,positive,train
2937,positive,train
7873,positive,train
2208,positive,train
9805,negative,train
1355,positive,train
907,positive,train
5973,positive,train
4088,positive,train
1166,positive,train
1741,positive,train
3333,negative,train
8613,negative,train
3316,negative,train
6414,positive,train
9319,positive,train
1067,positive,train
7290,positive,train
8371,positive,train
8375,positive,train
1910,positive,train
9530,positive,train
7623,positive,train
1648,positive,train
1438,positive,train
8960,positive,train
6819,positive,train
4986,positive,train
1929,positive,train
262,positive,train
6413,positive,train
9444,negative,train
2746,positive,train
8561,positive,train
7171,positive,train
8114,positive,train
1942,positive,train
6086,negative,train
8686,positive,train
2660,negative,train
3287,positive,train
6002,positive,train
8933,positive,train
2442,negative,train
7340,positive,train
1029,positive,train
1570,positive,train
4701,positive,train
1110,positive,train
2117,positive,train
7372,positive,train
3927,positive,train
9581,negative,train
3588,positive,train
4819,positive,train
9348,positive,train
1188,positive,train
8644,negative,train
1809,negative,train
9590,negative,train
1737,positive,train
1588,negative,train
3732,positive,train
7757,positive,train
6466,positive,train
3845,positive,train
5632,negative,train
1237,positive,train
8812,negative,train
4749,positive,train
1649,positive,train
856,positive,train
9783,negative,train
4793,positive,train
3318,negative,train
5622,negative,train
3998,positive,train
1057,positive,train
2232,positive,train
127,positive,train
4911,positive,train
9200,negative,train
1507,positive,train
2760,positive,train
7003,positive,train
2720,negative,train
1052,positive,train
3689,positive,train
3663,positive,train
9238,positive,train
3,negative,train
7569,negative,train
8037,positive,train
450,positive,train
882,positive,train
6288,positive,train
9385,positive,train
8210,positive,train
6336,positive,train
6936,positive,train
5108,positive,train
2970,positive,train
4506,positive,train
5174,positive,train
2462,positive,train
8395,positive,train
2076,positive,train
2023,positive,train
3688,negative,train
2772,positive,train
8173,positive,train
1475,positive,train
3190,positive,train
4757,positive,train
2682,positive,train
7111,positive,train
6755,positive,train
2939,positive,train
874,positive,train
1665,positive,train
5932,negative,train
6930,positive,train
6045,positive,train
7351,positive,train
6006,positive,train
7580,positive,train
8267,positive,train
7694,positive,train
5618,positive,train
9289,positive,train
2346,positive,train
815,positive,train
736,negative,train
9185,positive,train
2439,positive,train
8567,positive,train
2124,positive,train
4767,positive,train
7255,positive,train
6518,positive,train
6732,positive,train
1810,positive,train
9074,positive,train
3313,negative,train
2447,positive,train
3126,positive,train
1892,positive,train
8026,positive,train
5477,positive,train
5140,positive,train
8295,positive,train
8449,positive,train
4116,positive,train
7821,positive,train
3044,positive,train
8419,positive,train
6214,positive,train
6975,positive,train
3072,positive,train
1014,positive,train
3792,positive,train
3441,positive,train
9007,positive,train
7127,positive,train
5705,positive,train
9188,positive,train
4211,positive,train
8036,positive,train
3913,positive,train
8068,positive,train
1546,negative,train
7605,positive,train
9866,positive,train
5080,negative,train
6601,positive,train
2766,positive,train
4411,positive,train
9105,positive,train
4697,positive,train
6265,positive,train
6343,positive,train
7250,positive,train
9314,positive,train
7712,positive,train
802,positive,train
2285,positive,train
7988,positive,train
7373,negative,train
8785,positive,train
1073,positive,train
1984,negative,train
9328,positive,train
2465,positive,train
7710,positive,train
9648,positive,train
4680,positive,train
3224,negative,train
861,positive,train
1531,positive,train
5425,negative,train
7203,positive,train
2073,positive,train
7241,negative,train
2654,positive,train
9227,negative,train
9278,positive,train
4416,positive,train
2519,positive,train
4375,positive,train
8169,positive,train
3953,positive,train
3832,positive,train
1534,positive,train
8205,negative,train
2256,positive,train
269,positive,train
1850,positive,train
9352,positive,train
1939,positive,train
4798,positive,train
150,positive,train
8353,positive,train
4942,positive,train
7019,positive,train
6355,positive,train
4128,positive,train
9708,positive,train
7595,negative,train
5574,positive,train
107,positive,train
4864,positive,train
9440,negative,train
9961,positive,train
5527,positive,train
6548,positive,train
7326,positive,train
1744,negative,train
8986,negative,train
5436,positive,train
4322,positive,train
981,positive,train
6981,negative,train
9406,positive,train
4455,negative,train
4022,positive,train
6232,positive,train
272,positive,train
5406,positive,train
8683,positive,train
495,positive,train
841,positive,train
5409,positive,train
6078,negative,train
64,positive,train
3559,positive,train
1383,positive,train
1411,positive,train
1608,positive,train
2997,positive,train
8659,negative,train
3374,positive,train
4983,positive,train
2780,positive,train
6580,positive,train
4317,positive,train
8027,positive,train
2694,positive,train
9015,positive,train
1359,positive,train
1827,positive,train
1016,positive,train
1427,positive,train
1484,positive,train
1350,positive,train
46,positive,train
2225,positive,train
48,positive,train
6607,positive,train
5805,positive,train
6758,positive,train
8384,positive,train
6848,positive,train
4546,positive,train
6018,positive,train
3209,positive,train
76,positive,train
6522,positive,train
679,positive,train
8326,positive,train
3280,positive,train
6877,positive,train
1623,negative,train
4165,positive,train
2975,negative,train
2155,positive,train
5404,negative,train
5397,positive,train
5025,positive,train
2139,positive,train
7815,positive,train
461,positive,train
8009,positive,train
6258,positive,train
8347,positive,train
7034,positive,train
370,positive,train
7200,positive,train
3122,positive,train
465,positive,train
292,positive,train
2927,positive,train
2988,positive,train
1705,positive,train
6131,positive,train
3105,positive,train
2579,positive,train
7138,positive,train
1989,positive,train
1299,negative,train
7466,negative,train
136,positive,train
4055,positive,train
8233,positive,train
433,positive,train
5560,positive,train
9569,negative,train
2920,positive,train
650,positive,train
7316,positive,train
6577,positive,train
5513,positive,train
1634,positive,train
4781,positive,train
1370,positive,train
3294,positive,train
6065,positive,train
9068,positive,train
966,positive,train
4726,positive,train
5735,positive,train
7574,positive,train
3773,positive,train
1923,positive,train
6347,positive,train
9475,positive,train
6010,positive,train
7281,negative,train
5056,positive,train
7913,positive,train
5579,negative,train
7785,positive,train
7556,positive,train
3605,positive,train
3595,positive,train
7325,positive,train
7446,positive,train
8451,positive,train
1096,positive,train
4023,positive,train
1049,positive,train
2130,positive,train
8915,negative,train
3151,positive,train
1625,negative,train
8880,positive,train
6843,positive,train
5917,positive,train
3642,positive,train
7736,positive,train
4776,positive,train
7911,positive,train
84,positive,train
2168,positive,train
286,positive,train
3922,positive,train
3841,positive,train
9849,positive,train
3120,positive,train
3459,negative,train
2565,positive,train
3398,positive,train
6240,positive,train
2032,negative,train
8689,positive,train
113,positive,train
5300,positive,train
4472,positive,train
2514,positive,train
5585,negative,train
2307,positive,train
864,positive,train
3243,negative,train
4,positive,train
9890,positive,train
7943,positive,train
9433,positive,train
7252,positive,train
6030,positive,train
2490,positive,train
8428,negative,train
2544,positive,train
9405,positive,train
7247,positive,train
9090,positive,train
5514,positive,train
6434,positive,train
4870,positive,train
6840,positive,train
9935,positive,train
9954,positive,train
5968,positive,train
8397,positive,train
4614,positive,train
2473,positive,train
6278,positive,train
7965,positive,train
3888,positive,train
2119,positive,train
8162,negative,train
1478,positive,train
2233,positive,train
8541,positive,train
2791,positive,train
2053,positive,train
4958,positive,train
6621,positive,train
3262,positive,train
1002,positive,train
6803,positive,train
3011,positive,train
5144,positive,train
1319,positive,train
9541,positive,train
6782,positive,train
2987,negative,train
6675,negative,train
65,positive,train
3222,positive,train
6196,negative,train
7958,positive,train
1330,positive,train
9094,negative,train
3813,positive,train
9303,positive,train
6832,positive,train
3571,negative,train
8112,positive,train
3395,positive,train
7312,positive,train
8223,positive,train
9836,positive,train
9589,positive,train
7087,positive,train
1876,negative,train
9451,positive,train
4509,negative,train
5893,positive,train
605,positive,train
8439,positive,train
7631,positive,train
1874,positive,train
4930,positive,train
8891,positive,train
2814,positive,train
2768,negative,train
893,positive,train
2115,positive,train
6133,positive,train
7463,positive,train
6171,positive,train
2395,positive,train
5763,positive,train
5756,positive,train
5955,positive,train
1000,positive,train
2996,negative,train
3234,negative,train
3183,positive,train
2568,positive,train
1658,negative,train
6297,negative,train
5562,positive,train
6222,positive,train
5704,positive,train
8452,positive,train
9311,positive,train
7074,positive,train
6150,positive,train
6533,positive,train
1372,negative,train
8031,positive,train
7724,positive,train
8044,positive,train
4276,negative,train
6234,positive,train
5535,positive,train
5311,positive,train
1318,positive,train
8560,positive,train
7596,positive,train
2177,positive,train
8034,positive,train
5989,negative,train
8620,positive,train
9770,positive,train
4669,positive,train
1971,positive,train
5102,positive,train
3471,positive,train
3811,positive,train
9251,positive,train
7909,negative,train
9272,positive,train
2836,positive,train
7300,positive,train
5422,positive,train
1120,positive,train
3461,positive,train
9861,positive,train
8647,positive,train
9347,positive,train
745,positive,train
7672,positive,train
765,positive,train
9056,positive,train
4564,positive,train
62,positive,train
5303,positive,train
363,positive,train
6247,positive,train
5751,positive,train
4823,positive,train
9168,positive,train
5609,positive,train
547,positive,train
1596,negative,train
9677,positive,train
1917,positive,train
1376,positive,train
8578,positive,train
1784,positive,train
3047,positive,train
3520,negative,train
5586,positive,train
8766,positive,train
1742,positive,train
4249,positive,train
718,positive,train
2297,positive,train
2715,positive,train
6655,negative,train
3561,positive,train
6718,positive,train
2837,positive,train
125,positive,train
1770,positive,train
5221,positive,train
1731,positive,train
5963,negative,train
7824,positive,train
9687,positive,train
4780,positive,train
3525,negative,train
6638,positive,train
1211,positive,train
32,positive,train
9989,positive,train
4310,positive,train
6523,positive,train
629,positive,train
7806,positive,train
5137,negative,train
9692,negative,train
7838,positive,train
6364,positive,train
5534,negative,train
5054,positive,train
4395,positive,train
7749,positive,train
4834,positive,train
1714,positive,train
393,positive,train
1368,positive,train
9688,negative,train
4449,positive,train
8000,positive,train
3746,positive,train
1595,positive,train
4915,positive,train
3162,positive,train
6248,positive,train
7747,positive,train
1766,negative,train
6499,positive,train
982,positive,train
132,positive,train
7423,positive,train
6116,positive,train
5087,positive,train
9515,positive,train
6791,positive,train
6189,positive,train
1289,negative,train
4805,positive,train
5294,positive,train
842,positive,train
7249,positive,train
6594,negative,train
7385,positive,train
314,positive,train
8675,positive,train
1342,positive,train
3749,positive,train
2833,positive,train
6286,positive,train
1445,positive,train
4923,positive,train
9358,positive,train
8748,positive,train
630,positive,train
6847,positive,train
5506,positive,train
4041,positive,train
2570,positive,train
2984,positive,train
9716,positive,train
8693,positive,train
1646,positive,train
71,positive,train
2200,positive,train
3006,positive,train
8125,negative,train
8777,positive,train
5920,positive,train
2318,positive,train
225,positive,train
1345,positive,train
3662,positive,train
6177,negative,train
4722,positive,train
1336,positive,train
7634,positive,train
294,positive,train
4676,positive,train
115,positive,train
3849,positive,train
9633,positive,train
5782,positive,train
3191,positive,train
6925,positive,train
1207,negative,train
1460,positive,train
641,positive,train
8653,positive,train
2543,negative,train
4282,positive,train
8618,positive,train
6553,positive,train
6971,positive,train
2778,positive,train
5272,positive,train
6026,positive,train
6100,positive,train
1552,negative,train
478,positive,train
4887,positive,train
7541,negative,train
9720,positive,train
8351,negative,train
8148,positive,train
4652,positive,train
1407,positive,train
212,positive,train
7362,positive,train
6471,positive,train
8484,positive,train
2485,positive,train
6632,positive,train
3633,positive,train
5225,positive,train
6242,positive,train
4382,negative,train
8943,positive,train
7381,positive,train
3750,positive,train
6999,positive,train
6020,positive,train
9013,positive,train
9807,positive,train
9884,positive,train
7636,positive,train
6178,positive,train
3549,positive,train
8287,positive,train
6913,negative,train
8742,positive,train
722,positive,train
9629,positive,train
5026,positive,train
1450,positive,train
6724,positive,train
7548,negative,train
90,positive,train
6838,positive,train
5182,positive,train
1937,positive,train
6289,positive,train
8075,positive,train
8033,positive,train
5003,positive,train
1981,positive,train
4213,negative,train
170,positive,train
3650,positive,train
6750,negative,train
4770,positive,train
2858,positive,train
4597,positive,train
8898,positive,train
3560,positive,train
4010,positive,train
20,positive,train
7067,positive,train
3804,positive,train
6459,negative,train
2300,positive,train
1560,positive,train
1635,positive,train
2910,positive,train
3989,positive,train
4931,positive,train
1228,positive,train
6129,positive,train
5559,positive,train
2192,positive,train
7266,positive,train
5109,positive,train
1251,positive,train
9526,negative,train
6125,positive,train
1006,positive,train
2035,positive,train
4937,positive,train
1537,negative,train
3106,positive,train
4535,positive,train
2305,negative,train
4706,positive,train
2931,positive,train
979,positive,train
5625,negative,train
1280,negative,train
8794,positive,train
1327,positive,train
7058,positive,train
7056,positive,train
3380,positive,train
1600,positive,train
2989,positive,train
2340,positive,train
4144,positive,train
8899,positive,train
6588,positive,train
1823,positive,train
8035,positive,train
7689,positive,train
9605,negative,train
6827,positive,train
2648,positive,train
5957,positive,train
9823,positive,train
6427,negative,train
4501,positive,train
9613,positive,train
7614,positive,train
1069,positive,train
4629,positive,train
2123,positive,train
5254,positive,train
4345,positive,train
3924,positive,train
5694,positive,train
2626,positive,train
682,positive,train
1162,positive,train
4735,negative,train
58,positive,train
2259,positive,train
4324,positive,train
5740,positive,train
2196,negative,train
6923,positive,train
4750,positive,train
5775,positive,train
8111,positive,train
9462,positive,train
5538,positive,train
91,positive,train
9674,positive,train
9140,positive,train
1698,positive,train
7504,positive,train
9933,negative,train
5530,positive,train
4981,positive,train
7383,positive,train
4999,positive,train
227,positive,train
7637,positive,train
7195,positive,train
1459,positive,train
5879,positive,train
1878,positive,train
4769,positive,train
7233,positive,train
5508,positive,train
8193,negative,train
112,positive,train
4913,positive,train
2926,positive,train
5854,positive,train
9362,positive,train
3124,positive,train
1721,positive,train
7492,positive,train
3274,positive,train
9968,positive,train
7103,positive,train
8298,positive,train
1616,positive,train
1149,positive,train
4155,positive,train
1683,positive,train
9040,positive,train
500,positive,train
9775,positive,train
5895,positive,train
2787,positive,train
7833,negative,train
8261,negative,train
8215,positive,train
7196,negative,train
66,positive,train
3543,positive,train
4894,negative,train
3460,positive,train
2777,positive,train
6537,positive,train
6404,positive,train
9379,positive,train
6269,positive,train
7214,positive,train
3086,positive,train
2741,positive,train
2316,positive,train
9905,positive,train
9657,positive,train
4658,positive,train
6943,negative,train
6259,negative,train
3502,positive,train
2505,positive,train
3379,positive,train
6535,positive,train
95,positive,train
7841,positive,train
3017,positive,train
7327,positive,train
2070,positive,train
9653,negative,train
4370,positive,train
5781,negative,train
1284,negative,train
8471,positive,train
3550,positive,train
6597,negative,train
8292,negative,train
6863,positive,train
8498,positive,train
1541,positive,train
444,negative,train
4521,positive,train
1545,negative,train
1044,positive,train
8757,positive,train
6771,positive,train
9320,positive,train
4219,negative,train
9024,positive,train
7894,negative,train
2312,positive,train
9842,positive,train
9062,positive,train
8825,positive,train
2593,negative,train
5496,positive,train
105,positive,train
9315,positive,train
8763,positive,train
1871,negative,train
4572,positive,train
68,positive,train
287,positive,train
5296,positive,train
3429,positive,train
5919,positive,train
9551,negative,train
6558,positive,train
9169,positive,train
8662,positive,train
886,positive,train
8003,positive,train
6375,positive,train
2767,positive,train
4476,positive,train
9356,positive,train
5069,positive,train
8790,positive,train
7353,positive,train
6161,positive,train
1058,positive,train
4712,negative,train
9724,positive,train
4626,positive,train
2704,positive,train
2567,negative,train
6167,positive,train
2067,positive,train
3918,positive,train
6391,negative,train
8713,positive,train
2800,positive,train
6704,positive,train
1533,positive,train
5345,positive,train
7947,positive,train
9945,positive,train
1143,positive,train
126,positive,train
5412,negative,train
3951,positive,train
8393,positive,train
7389,positive,train
9176,positive,train
8458,positive,train
6759,positive,train
3324,positive,train
9065,positive,train
1115,positive,train
6361,positive,train
2560,positive,train
8429,positive,train
8633,positive,train
5505,positive,train
4593,positive,train
7001,positive,train
8694,positive,train
8264,positive,train
8885,positive,train
9432,positive,train
7153,positive,train
8131,positive,train
2101,positive,train
1792,positive,train
5200,positive,train
8276,negative,train
1036,positive,train
6960,positive,train
5471,positive,train
6589,positive,train
608,positive,train
1636,positive,train
7528,positive,train
5922,positive,train
3400,positive,train
7961,positive,train
7346,positive,train
4187,positive,train
5597,positive,train
6470,positive,train
5983,positive,train
9078,positive,train
3781,positive,train
2587,positive,train
8286,negative,train
1815,negative,train
6028,positive,train
1039,positive,train
5596,negative,train
9402,negative,train
1221,positive,train
4254,negative,train
6462,negative,train
7382,positive,train
8483,positive,train
6630,positive,train
270,positive,train
4710,negative,train
5013,positive,train
8092,positive,train
8605,positive,train
5236,positive,train
7626,positive,train
1489,negative,train
3308,positive,train
4279,negative,train
9456,positive,train
9450,positive,train
6764,positive,train
7490,positive,train
6416,positive,train
5408,negative,train
2317,positive,train
4883,positive,train
2757,positive,train
3853,positive,train
5956,negative,train
1556,negative,train
2443,positive,train
3935,positive,train
5171,positive,train
8660,positive,train
3263,positive,train
1847,positive,train
6367,positive,train
9480,positive,train
295,positive,train
2845,positive,train
2104,positive,train
7908,positive,train
16,positive,train
2529,positive,train
3912,positive,train
3288,positive,train
331,positive,train
6810,positive,train
925,positive,train
1135,positive,train
4457,positive,train
9982,positive,train
4338,positive,train
7390,positive,train
404,positive,train
1047,positive,train
1751,positive,train
8523,positive,train
6978,negative,train
3818,positive,train
2830,negative,train
3897,positive,train
9627,positive,train
2627,positive,train
3593,positive,train
8966,negative,train
3012,positive,train
585,positive,train
3966,positive,train
3895,positive,train
774,positive,train
4432,positive,train
623,positive,train
8808,negative,train
5889,positive,train
5072,negative,train
670,positive,train
7921,positive,train
6697,positive,train
8164,negative,train
5608,positive,train
6748,positive,train
3302,positive,train
7818,positive,train
36,positive,train
5990,positive,train
2642,positive,train
3586,positive,train
9264,positive,train
457,positive,train
1573,positive,train
9174,positive,train
8529,positive,train
4110,negative,train
3214,negative,train
7611,positive,train
6331,negative,train
1638,positive,train
3363,negative,train
3988,positive,train
2629,positive,train
1730,positive,train
325,positive,train
3999,positive,train
2187,positive,train
1454,positive,train
1854,positive,train
4686,positive,train
2979,negative,train
4464,positive,train
6495,positive,train
9372,positive,train
3645,positive,train
7671,positive,train
4762,positive,train
2602,positive,train
2099,positive,train
5786,positive,train
1266,positive,train
387,positive,train
2681,positive,train
1772,positive,train
9306,positive,train
5468,positive,train
8387,negative,train
9854,negative,train
7673,positive,train
2839,positive,train
9075,positive,train
9202,positive,train
4304,positive,train
9375,positive,train
1991,positive,train
2262,positive,train
2947,positive,train
15,positive,train
1435,positive,train
5253,positive,train
3869,positive,train
1527,positive,train
9847,positive,train
4716,positive,train
1704,positive,train
2710,positive,train
4828,positive,train
7412,positive,train
7168,positive,train
6332,positive,train
5039,positive,train
4615,positive,train
5136,positive,train
1126,positive,train
4891,positive,train
2785,positive,train
9008,negative,train
9513,positive,train
4083,negative,train
8401,positive,train
7232,positive,train
7095,positive,train
3370,positive,train
7156,positive,train
3189,positive,train
2482,positive,train
4479,positive,train
9399,positive,train
7923,positive,train
8822,negative,train
8559,positive,train
5440,positive,train
6356,negative,train
7199,positive,train
2813,positive,train
6706,positive,train
6428,negative,train
9828,negative,train
3165,positive,train
3032,positive,train
707,positive,train
5015,positive,train
9743,positive,train
1387,positive,train
7401,positive,train
1777,positive,train
2507,positive,train
2643,positive,train
2891,positive,train
8487,positive,train
5532,negative,train
1316,negative,train
5924,positive,train
3116,positive,train
6860,positive,train
5212,positive,train
57,positive,train
5819,positive,train
1922,positive,train
836,positive,train
5509,positive,train
2125,positive,train
4775,positive,train
1492,positive,train
2438,negative,train
9574,positive,train
6990,positive,train
5512,positive,train
8557,positive,train
7851,positive,train
1506,positive,train
2674,positive,train
3134,negative,train
1538,positive,train
3680,positive,train
8425,positive,train
6219,positive,train
3450,positive,train
6213,positive,train
4700,positive,train
6442,positive,train
2721,negative,train
8990,positive,train
6379,positive,train
694,positive,train
9814,positive,train
4699,positive,train
4974,negative,train
903,positive,train
4544,positive,train
2986,positive,train
8006,positive,train
7979,positive,train
4026,positive,train
8630,positive,train
6820,positive,train
6756,positive,train
3003,negative,train
9506,positive,train
9704,negative,train
6043,positive,train
3267,positive,train
3310,positive,train
5762,negative,train
6285,positive,train
9740,positive,train
4787,positive,train
7590,negative,train
8381,positive,train
2082,positive,train
311,positive,train
9951,positive,train
8462,positive,train
8238,positive,train
8527,positive,train
7212,positive,train
2281,positive,train
9052,positive,train
7967,positive,train
9829,positive,train
9936,positive,train
4422,positive,train
6033,negative,train
6731,positive,train
792,positive,train
2808,negative,train
959,positive,train
761,positive,train
5858,positive,train
2829,positive,train
7164,positive,train
2170,positive,train
1535,positive,train
8771,positive,train
8868,positive,train
9966,positive,train
749,positive,train
2074,positive,train
1258,positive,train
6453,negative,train
7983,positive,train
6270,positive,train
3870,positive,train
7612,positive,train
1935,positive,train
9853,positive,train
468,positive,train
4387,positive,train
8921,positive,train
6517,negative,train
7543,positive,train
8090,positive,train
1990,positive,train
1523,positive,train
1982,positive,train
4952,positive,train
6894,positive,train
5191,positive,train
6642,positive,train
4291,positive,train
9922,positive,train
7962,positive,train
8101,positive,train
4830,positive,train
8599,positive,train
2899,positive,train
5518,positive,train
3107,positive,train
2964,positive,train
777,positive,train
9338,positive,train
7221,negative,train
6870,positive,train
89,positive,train
9035,positive,train
2908,positive,train
985,positive,train
5864,positive,train
8179,positive,train
990,positive,train
9234,positive,train
263,positive,train
5811,positive,train
4157,positive,train
4142,positive,train
8698,positive,train
9810,positive,train
459,positive,train
5155,positive,train
7618,positive,train
6111,positive,train
6762,positive,train
5771,positive,train
5594,positive,train
2632,negative,train
7659,positive,train
9855,positive,train
1591,positive,train
1707,positive,train
7711,positive,train
4534,positive,train
9773,positive,train
2573,positive,train
9373,positive,train
5383,negative,train
8491,positive,train
5595,positive,train
9260,positive,train
9009,positive,train
9088,positive,train
2407,negative,train
3862,positive,train
2161,positive,train
8348,positive,train
9824,negative,train
5533,negative,train
8207,positive,train
5202,positive,train
1726,positive,train
6644,positive,train
5259,positive,train
8755,positive,train
5133,positive,train
799,positive,train
6618,positive,train
59,positive,train
7121,positive,train
501,positive,train
4966,positive,train
5675,positive,train
7956,positive,train
9725,positive,train
4996,positive,train
4708,positive,train
3043,positive,train
6126,positive,train
2909,positive,train
7809,positive,train
2278,positive,train
9872,positive,train
2336,positive,train
6345,positive,train
2966,positive,train
2562,negative,train
727,negative,train
86,positive,train
2559,positive,train
8904,positive,train
3068,positive,train
3203,positive,train
1687,positive,train
1978,negative,train
3717,positive,train
5712,positive,train
261,positive,train
570,positive,train
8901,positive,train
4225,positive,train
1699,positive,train
7549,positive,train
8104,positive,train
93,positive,train
5795,positive,train
1290,positive,train
7532,positive,train
1451,positive,train
7598,positive,train
3874,positive,train
4130,positive,train
3507,positive,train
2524,positive,train
7501,positive,train
8881,positive,train
1610,positive,train
7010,positive,train
1843,positive,train
1429,positive,train
4166,positive,train
949,positive,train
6651,positive,train
428,positive,train
532,positive,train
1977,positive,train
3519,positive,train
3095,positive,train
6854,positive,train
6783,positive,train
7155,positive,train
4446,positive,train
7048,positive,train
7280,positive,train
3967,positive,train
2398,positive,train
5029,positive,train
579,positive,train
6645,positive,train
480,positive,train
306,negative,train
1963,positive,train
6757,positive,train
3487,positive,train
6159,positive,train
9540,positive,train
6049,positive,train
379,positive,train
8589,positive,train
7044,positive,train
2506,positive,train
1845,positive,train
8197,positive,train
9552,positive,train
9980,positive,train
9400,positive,train
6859,positive,train
575,positive,train
2893,positive,train
82,positive,train
5497,positive,train
2691,positive,train
9785,positive,train
9121,negative,train
8995,positive,train
9663,negative,train
8186,positive,train
2912,positive,train
6822,positive,train
6124,positive,train
5362,positive,train
7100,positive,train
3115,positive,train
5251,negative,train
8331,negative,train
1952,negative,train
7882,positive,train
5031,positive,train
2323,positive,train
4753,negative,train
2056,positive,train
2375,positive,train
943,positive,train
1851,positive,train
8032,negative,train
3314,positive,train
9002,positive,train
1170,negative,train
7126,positive,train
5655,positive,train
9787,positive,train
7414,positive,train
1593,negative,train
8055,positive,train
4177,positive,train
8168,negative,train
7708,positive,train
5959,negative,train
7134,positive,train
8747,negative,train
278,positive,train
7791,negative,train
5032,positive,train
5925,negative,train
8074,positive,train
566,positive,train
6206,positive,train
2381,positive,train
9519,positive,train
9464,positive,train
6123,positive,train
4659,positive,train
6753,negative,train
8762,positive,train
7751,positive,train
8056,positive,train
2498,positive,train
787,positive,train
3771,positive,train
6311,positive,train
9920,positive,train
9064,positive,train
9270,positive,train
4645,positive,train
9969,positive,train
9393,positive,train
7239,positive,train
7732,negative,train
1159,positive,train
8896,negative,train
9197,positive,train
6734,positive,train
5494,positive,train
4390,positive,train
4600,positive,train
3682,positive,train
3741,positive,train
9111,positive,train
70,positive,train
1875,negative,train
1486,positive,train
241,positive,train
4308,positive,train
3368,positive,train
7848,positive,train
1062,positive,train
4704,positive,train
9408,positive,train
474,positive,train
6322,positive,train
8208,positive,train
3611,positive,train
4619,negative,train
8611,positive,train
1586,positive,train
1151,positive,train
960,positive,train
5304,positive,train
5996,positive,train
4857,positive,train
196,positive,train
1234,positive,train
7534,positive,train
1868,positive,train
475,positive,train
9455,positive,train
8410,positive,train
197,negative,train
6498,positive,train
5238,positive,train
120,positive,train
2903,positive,train
8695,positive,train
8409,negative,train
9803,positive,train
3359,positive,train
9345,positive,train
9018,positive,train
2846,positive,train
4326,positive,train
9301,positive,train
4462,positive,train
2914,positive,train
2054,positive,train
6307,positive,train
8454,positive,train
7183,negative,train
7467,positive,train
989,positive,train
3129,positive,train
470,negative,train
94,positive,train
1375,positive,train
5089,positive,train
8103,positive,train
2803,positive,train
1898,negative,train
4191,positive,train
2254,positive,train
6112,negative,train
5361,negative,train
4748,positive,train
6725,positive,train
9364,positive,train
4468,positive,train
8918,negative,train
9391,positive,train
1137,positive,train
4198,positive,train
1213,positive,train
7403,positive,train
635,positive,train
4854,positive,train
1222,positive,train
4691,positive,train
50,positive,train
8737,positive,train
2440,negative,train
1611,positive,train
7047,positive,train
2349,positive,train
1706,positive,train
6015,positive,train
7031,positive,train
5744,positive,train
6142,positive,train
2553,positive,train
2289,positive,train
6873,positive,train
9746,positive,train
2901,positive,train
9750,positive,train
8049,positive,train
6487,positive,train
7371,negative,train
4752,positive,train
9533,positive,train
7459,positive,train
6309,positive,train
3839,positive,train
2805,positive,train
9559,positive,train
9426,positive,train
7864,positive,train
9738,negative,train
4095,positive,train
8692,positive,train
6532,positive,train
3066,positive,train
3372,positive,train
4842,negative,train
1466,negative,train
7202,positive,train
3059,positive,train
1690,negative,train
2515,positive,train
1746,negative,train
2365,positive,train
5010,positive,train
2400,positive,train
7951,positive,train
3980,positive,train
7279,positive,train
2248,negative,train
7980,positive,train
6700,positive,train
3155,positive,train
3654,positive,train
6108,negative,train
3084,positive,train
7308,positive,train
8514,negative,train
778,positive,train
5392,positive,train
9555,positive,train
6511,positive,train
4299,negative,train
9113,positive,train
6649,negative,train
3847,positive,train
7639,positive,train
8041,positive,train
5825,negative,train
5964,positive,train
735,positive,train
9302,positive,train
1046,positive,train
3338,positive,train
7928,positive,train
9501,positive,train
8411,positive,train
2526,positive,train
583,positive,train
6383,positive,train
8887,negative,train
5226,positive,train
5998,negative,train
6542,positive,train
5736,negative,train
8085,positive,train
1980,negative,train
7850,positive,train
5510,positive,train
1932,positive,train
4475,positive,train
5780,positive,train
5774,positive,train
4135,positive,train
1473,positive,train
8632,positive,train
7527,positive,train
3791,positive,train
7656,negative,train
8883,positive,train
8344,positive,train
3800,positive,train
4492,positive,train
6650,positive,train
4284,positive,train
3602,positive,train
1758,positive,train
6025,positive,train
3257,positive,train
8544,positive,train
8278,positive,train
5684,positive,train
5369,positive,train
7012,positive,train
1028,positive,train
603,positive,train
6144,positive,train
681,positive,train
7444,positive,train
6412,positive,train
9594,positive,train
1811,positive,train
4216,positive,train
4871,positive,train
7433,negative,train
9546,positive,train
9556,positive,train
5233,positive,train
7454,positive,train
5016,positive,train
2134,positive,train
2128,positive,train
3757,positive,train
8406,positive,train
5613,negative,train
3899,positive,train
1230,positive,train
4503,positive,train
4907,negative,train
1945,positive,train
4459,positive,train
9840,positive,train
7410,positive,train
1718,positive,train
3721,positive,train
211,positive,train
3975,positive,train
8403,positive,train
2952,positive,train
3081,positive,train
8867,positive,train
2239,positive,train
8435,positive,train
7011,positive,train
4347,positive,train
153,positive,train
6514,positive,train
3996,positive,train
2264,positive,train
1431,positive,train
3493,positive,train
5663,positive,train
7786,positive,train
9656,positive,train
2129,positive,train
739,positive,train
1576,positive,train
7050,positive,train
6418,positive,train
8916,negative,train
8438,positive,train
7213,negative,train
2868,positive,train
6249,positive,train
2039,positive,train
3326,negative,train
1419,positive,train
3798,positive,train
5794,positive,train
2625,positive,train
5914,positive,train
1767,positive,train
557,positive,train
1753,positive,train
1081,positive,train
9457,positive,train
1953,positive,train
1423,positive,train
7251,positive,train
4164,positive,train
2230,positive,train
8714,positive,train
9942,positive,train
6426,positive,train
6440,positive,train
7906,positive,train
2530,positive,train
6520,positive,train
2288,positive,train
498,positive,train
5426,positive,train
5455,positive,train
2332,positive,train
734,positive,train
9975,positive,train
6490,positive,train
4044,positive,train
1793,positive,train
6666,negative,train
7036,positive,train
9564,positive,train
5900,positive,train
1034,positive,train
8546,positive,train
1685,positive,train
6833,positive,train
7317,positive,train
4469,positive,train
6350,positive,train
7441,positive,train
6420,positive,train
4007,positive,train
5162,negative,train
2175,positive,train
8664,negative,train
7393,negative,train
1679,positive,train
7216,positive,train
7440,negative,train
2223,positive,train
8107,positive,train
7949,positive,train
2935,positive,train
4841,positive,train
5207,positive,train
9562,positive,train
1074,positive,train
1283,positive,train
9676,positive,train
6976,positive,train
2634,positive,train
2284,positive,train
8330,positive,train
368,positive,train
4603,positive,train
2982,positive,train
1373,negative,train
7184,positive,train
9470,negative,train
2252,positive,train
3569,positive,train
6749,positive,train
3671,positive,train
6516,positive,train
1771,positive,train
9718,positive,train
2657,positive,train
1263,positive,train
6901,positive,train
7941,positive,train
7748,positive,train
7972,positive,train
4020,positive,train
2699,positive,train
3164,positive,train
896,positive,train
3070,positive,train
1194,positive,train
3942,positive,train
52,positive,train
2870,positive,train
4633,negative,train
2902,positive,train
9022,positive,train
7363,positive,train
7874,positive,train
6582,positive,train
6804,positive,train
665,positive,train
8982,positive,train
7106,positive,train
4607,positive,train
2712,negative,train
8478,negative,train
8272,positive,train
7063,positive,train
5657,positive,train
9082,positive,train
4313,positive,train
2588,positive,train
8066,negative,train
6438,positive,train
7666,negative,train
72,positive,train
8797,positive,train
1088,negative,train
3486,positive,train
8156,positive,train
3932,positive,train
1516,positive,train
4193,positive,train
3720,positive,train
2535,positive,train
1894,positive,train
2162,positive,train
2548,negative,train
9098,positive,train
6817,positive,train
2481,positive,train
555,positive,train
9931,positive,train
1487,positive,train
2880,negative,train
6984,negative,train
7630,negative,train
9374,positive,train
2344,positive,train
8241,positive,train
8710,positive,train
9747,negative,train
6922,positive,train
3094,positive,train
5738,positive,train
6220,positive,train
6310,negative,train
5239,positive,train
3445,positive,train
9865,positive,train
8575,positive,train
9343,negative,train
5713,positive,train
4141,negative,train
7594,positive,train
1689,positive,train
8335,positive,train
1564,positive,train
4672,positive,train
2255,positive,train
8786,positive,train
8908,positive,train
5270,positive,train
8547,negative,train
9266,positive,train
5315,positive,train
5173,positive,train
2794,positive,train
7589,positive,train
6569,negative,train
5151,positive,train
986,positive,train
2716,positive,train
5665,positive,train
148,positive,train
1885,positive,train
3843,positive,train
9043,positive,train
5927,negative,train
8886,negative,train
8481,positive,train
2011,positive,train
2918,positive,train
4139,positive,train
7722,positive,train
4344,positive,train
953,positive,train
3509,positive,train
8363,positive,train
3759,positive,train
8751,positive,train
435,positive,train
3920,positive,train
1547,negative,train
9313,positive,train
7486,positive,train
5952,positive,train
6090,positive,train
2432,negative,train
5106,negative,train
4779,positive,train
8262,positive,train
4671,positive,train
647,positive,train
5317,positive,train
7891,negative,train
381,positive,train
3506,positive,train
1515,positive,train
7627,positive,train
7512,positive,train
5396,negative,train
4103,positive,train
8532,positive,train
2499,positive,train
1536,positive,train
514,positive,train
1178,positive,train
6012,positive,train
357,positive,train
7789,positive,train
6779,positive,train
4323,positive,train
3456,positive,train
1175,negative,train
9217,positive,train
2287,positive,train
2121,positive,train
1803,positive,train
9795,positive,train
2755,positive,train
9131,positive,train
4100,positive,train
4358,positive,train
6489,positive,train
9360,positive,train
9713,positive,train
4554,positive,train
6217,positive,train
3882,positive,train
5330,negative,train
9858,positive,train
5492,negative,train
5933,positive,train
4383,positive,train
6317,positive,train
8113,positive,train
8374,positive,train
5880,positive,train
4208,positive,train
5114,positive,train
9336,positive,train
2216,positive,train
268,positive,train
8912,negative,train
6062,positive,train
7225,positive,train
9736,negative,train
5616,positive,train
562,positive,train
6493,positive,train
4595,positive,train
6191,negative,train
2489,positive,train
4808,negative,train
9499,negative,train
3959,negative,train
3962,positive,train
818,positive,train
398,positive,train
8533,positive,train
4732,negative,train
9150,positive,train
4925,positive,train
7535,positive,train
6369,positive,train
371,positive,train
9998,negative,train
4267,positive,train
429,positive,train
827,positive,train
7288,positive,train
5958,positive,train
3504,positive,train
3880,positive,train
866,positive,train
30,negative,train
5160,negative,train
3658,positive,train
1066,positive,train
7380,positive,train
9346,positive,train
3154,negative,train
768,positive,train
552,positive,train
6224,negative,train
9809,negative,train
8669,positive,train
8325,positive,train
9182,positive,train
5571,negative,train
2581,positive,train
3681,positive,train
2326,positive,train
3125,positive,train
8602,positive,train
5697,positive,train
998,positive,train
5750,positive,train
407,positive,train
1398,positive,train
7584,positive,train
8939,positive,train
3295,positive,train
1826,positive,train
238,positive,train
7194,positive,train
4497,positive,train
3911,positive,train
5600,positive,train
3850,positive,train
2705,positive,train
9442,positive,train
7033,positive,train
3587,positive,train
2854,positive,train
316,positive,train
8329,positive,train
9650,positive,train
29,positive,train
6277,positive,train
5869,positive,train
8594,positive,train
5299,positive,train
6393,positive,train
219,positive,train
7418,positive,train
8274,positive,train
96,positive,train
6088,positive,train
4736,positive,train
4117,positive,train
559,positive,train
8474,positive,train
938,positive,train
7145,positive,train
5210,negative,train
3908,positive,train
5379,positive,train
3557,positive,train
5268,positive,train
9053,positive,train
5727,positive,train
5161,positive,train
8846,positive,train
7360,positive,train
5757,positive,train
638,positive,train
905,positive,train
3669,positive,train
2917,positive,train
2597,positive,train
8256,positive,train
7219,positive,train
3027,positive,train
8196,positive,train
3348,positive,train
3260,negative,train
6056,positive,train
1235,negative,train
5886,positive,train
1921,positive,train
1734,positive,train
6064,positive,train
2045,positive,train
5732,positive,train
2430,positive,train
4552,negative,train
2595,positive,train
9938,positive,train
1514,positive,train
3458,positive,train
1212,positive,train
8398,positive,train
1594,positive,train
4247,positive,train
409,positive,train
7267,positive,train
37,positive,train
2138,positive,train
5203,positive,train
129,positive,train
5950,negative,train
2471,positive,train
5461,positive,train
5044,positive,train
8200,positive,train
2133,positive,train
2618,positive,train
3269,positive,train
7141,positive,train
1801,positive,train
2919,positive,train
3700,positive,train
1585,positive,train
5568,positive,train
5381,positive,train
9290,positive,train
5307,negative,train
7257,positive,train
6763,positive,train
2180,positive,train
5467,negative,train
1179,positive,train
7577,positive,train
7115,positive,train
8228,positive,train
8465,positive,train
8372,positive,train
8756,positive,train
8563,positive,train
3600,negative,train
1165,positive,train
3624,positive,train
511,positive,train
7897,positive,train
6776,positive,train
1148,positive,train
5682,positive,train
8227,negative,train
1906,negative,train
8128,negative,train
7581,positive,train
8769,positive,train
413,positive,train
7588,positive,train
8890,positive,train
1645,positive,train
7356,positive,train
9596,positive,train
8978,positive,train
9902,positive,train
6118,positive,train
6536,negative,train
1650,positive,train
3478,positive,train
5066,positive,train
7640,positive,train
7514,positive,train
847,positive,train
8761,negative,train
367,positive,train
9473,positive,train
5034,positive,train
6893,positive,train
8301,negative,train
5166,positive,train
5438,positive,train
5150,negative,train
5163,positive,train
3491,positive,train
7037,positive,train
906,positive,train
7654,positive,train
6890,positive,train
5907,positive,train
4662,positive,train
4702,positive,train
7009,positive,train
3824,positive,train
9162,positive,train
5824,positive,train
8621,positive,train
1154,positive,train
4354,negative,train
352,positive,train
4610,positive,train
941,positive,train
3028,positive,train
8508,positive,train
7069,positive,train
3606,positive,train
4328,positive,train
2479,positive,train
8008,positive,train
1642,positive,train
3627,positive,train
56,positive,train
2904,positive,train
3176,positive,train
4134,positive,train
420,positive,train
8237,positive,train
3235,negative,train
1191,positive,train
3451,positive,train
1833,positive,train
7677,negative,train
4145,positive,train
6172,positive,train
9612,positive,train
6423,positive,train
5653,negative,train
9997,positive,train
4876,positive,train
4398,positive,train
205,positive,train
2111,positive,train
2103,positive,train
7996,positive,train
2502,negative,train
840,positive,train
7359,positive,train
5263,positive,train
5851,negative,train
4003,positive,train
8332,positive,train
4668,positive,train
5967,positive,train
674,positive,train
954,positive,train
168,positive,train
1812,positive,train
8583,positive,train
6302,positive,train
3026,positive,train
2118,positive,train
6608,positive,train
6403,positive,train
2143,positive,train
6492,positive,train
3572,positive,train
8486,positive,train
5028,positive,train
7109,positive,train
6024,positive,train
2324,positive,train
5116,positive,train
6665,positive,train
6424,positive,train
4136,positive,train
6716,positive,train
4874,positive,train
1701,positive,train
4518,positive,train
216,positive,train
6709,positive,train
5473,positive,train
8119,positive,train
5793,positive,train
976,positive,train
8909,positive,train
2707,positive,train
7808,negative,train
6561,positive,train
4881,positive,train
7827,positive,train
9147,positive,train
7342,positive,train
5540,positive,train
3211,negative,train
8174,positive,train
7435,negative,train
1841,positive,train
9252,positive,train
7798,positive,train
8236,positive,train
8370,positive,train
7006,positive,train
4414,positive,train
7349,positive,train
4893,positive,train
9016,positive,train
1441,positive,train
4264,positive,train
2137,positive,train
6674,positive,train
6022,positive,train
2809,positive,train
2779,positive,train
9929,positive,train
9655,negative,train
412,positive,train
6699,negative,train
2736,positive,train
957,positive,train
929,positive,train
3139,positive,train
1246,positive,train
4309,negative,train
6767,positive,train
8735,positive,train
4266,positive,train
3117,positive,train
8396,positive,train
2816,positive,train
7695,positive,train
9028,positive,train
1262,positive,train
8306,positive,train
9112,positive,train
1296,negative,train
4729,positive,train
8456,positive,train
4591,positive,train
98,positive,train
5714,positive,train
2238,positive,train
7320,negative,train
9683,positive,train
8011,positive,train
809,positive,train
9435,negative,train
4032,positive,train
7144,negative,train
5624,negative,train
3783,positive,train
2882,negative,train
6825,negative,train
4569,positive,train
4985,positive,train
8574,positive,train
4756,positive,train
5112,positive,train
5057,positive,train
3498,positive,train
6513,positive,train
8213,positive,train
8232,positive,train
9925,positive,train
1424,positive,train
3521,positive,train
8856,positive,train
1577,positive,train
1206,positive,train
4950,positive,train
7675,positive,train
2030,positive,train
1691,positive,train
8827,negative,train
8657,positive,train
1442,positive,train
1275,positive,train
2373,positive,train
3866,positive,train
2983,negative,train
2511,positive,train
1482,positive,train
8975,positive,train
3038,positive,train
9077,positive,train
1326,positive,train
3991,negative,train
1343,positive,train
3674,positive,train
1880,positive,train
2034,negative,train
3015,positive,train
291,positive,train
8269,positive,train
1692,positive,train
8873,positive,train
1075,positive,train
8892,positive,train
5816,positive,train
8064,negative,train
8639,positive,train
4566,positive,train
8974,positive,train
1414,positive,train
5314,negative,train
4613,positive,train
8854,negative,train
1200,positive,train
2685,positive,train
3555,positive,train
5754,positive,train
8220,positive,train
4402,negative,train
1903,positive,train
6296,positive,train
1147,positive,train
5495,negative,train
1581,positive,train
4451,positive,train
1669,positive,train
7880,positive,train
328,positive,train
8343,positive,train
2994,positive,train
3933,positive,train
6103,negative,train
6549,positive,train
2613,positive,train
2532,positive,train
9167,positive,train
4625,positive,train
6298,positive,train
7607,positive,train
7828,positive,train
1666,positive,train
257,positive,train
2403,negative,train
5640,positive,train
1607,positive,train
1464,positive,train
4063,positive,train
2610,positive,train
5234,positive,train
4025,positive,train
7274,positive,train
3754,positive,train
3541,positive,train
3944,positive,train
6386,positive,train
5485,positive,train
5861,positive,train
6662,positive,train
9156,positive,train
5479,positive,train
1153,positive,train
3756,positive,train
7907,positive,train
9554,positive,train
8526,positive,train
8734,positive,train
8352,negative,train
3926,negative,train
8642,positive,train
7035,positive,train
9449,positive,train
8473,positive,train
2356,positive,train
1544,negative,train
8835,positive,train
1503,positive,train
3494,positive,train
3777,positive,train
5429,positive,train
4250,positive,train
9963,negative,train
8080,positive,train
8265,positive,train
3277,positive,train
6181,positive,train
9863,negative,train
3378,positive,train
4362,positive,train
8833,positive,train
5175,positive,train
5322,positive,train
5375,positive,train
8231,negative,train
7264,positive,train
264,positive,train
4372,positive,train
6787,positive,train
9960,positive,train
1759,positive,train
2140,positive,train
1962,negative,train
3013,positive,train
9294,positive,train
4804,positive,train
6203,positive,train
5184,negative,train
9955,positive,train
1193,positive,train
147,positive,train
7272,positive,train
1415,positive,train
8746,negative,train
2110,positive,train
6672,positive,train
6291,positive,train
162,positive,train
3356,positive,train
3469,positive,train
5903,positive,train
4049,positive,train
410,positive,train
5374,negative,train
4859,positive,train
4090,positive,train
6152,positive,train
7801,negative,train
5686,positive,train
7206,negative,train
2656,positive,train
5975,positive,train
8795,positive,train
2270,positive,train
3428,positive,train
2518,negative,train
9060,positive,train
7445,positive,train
9484,positive,train
7477,positive,train
5678,positive,train
8364,positive,train
9235,positive,train
6019,positive,train
4147,positive,train
4481,positive,train
8700,positive,train
7426,positive,train
4397,positive,train
701,positive,train
7132,positive,train
6519,positive,development
2953,positive,development
5313,positive,development
8666,positive,development
5790,positive,development
4289,positive,development
9097,positive,development
2000,positive,development
3112,positive,development
6865,positive,development
8953,positive,development
2102,positive,development
6830,positive,development
1271,positive,development
5628,positive,development
8787,negative,development
7143,positive,development
1011,positive,development
5437,negative,development
5787,positive,development
3381,positive,development
3887,negative,development
9189,positive,development
916,positive,development
6508,positive,development
9833,positive,development
486,positive,development
7021,positive,development
6295,positive,development
5749,negative,development
9231,positive,development
8170,positive,development
7905,positive,development
6046,negative,development
2797,positive,development
5868,negative,development
2834,positive,development
649,positive,development
8895,negative,development
7568,positive,development
3133,positive,development
4202,positive,development
1954,positive,development
1157,positive,development
839,positive,development
8240,positive,development
6811,positive,development
6229,negative,development
8836,negative,development
1324,positive,development
2221,positive,development
7230,positive,development
5439,negative,development
8828,positive,development
9095,positive,development
5183,positive,development
6017,positive,development
4678,positive,development
7415,positive,development
3156,positive,development
9298,negative,development
2160,positive,development
2142,positive,development
5232,positive,development
3182,positive,development
4401,positive,development
4714,positive,development
7073,positive,development
4028,positive,development
5262,positive,development
973,positive,development
1863,positive,development
8126,negative,development
8715,negative,development
4536,negative,development
1291,positive,development
2719,negative,development
5269,positive,development
6155,positive,development
3760,positive,development
18,positive,development
6273,positive,development
9342,positive,development
1155,negative,development
1470,positive,development
439,positive,development
9599,positive,development
8518,positive,development
1760,positive,development
656,positive,development
6166,positive,development
4943,positive,development
871,positive,development
9033,positive,development
1399,positive,development
6223,positive,development
5943,positive,development
9545,negative,development
2214,positive,development
4839,positive,development
610,positive,development
7575,positive,development
8461,positive,development
4777,positive,development
5504,positive,development
7881,positive,development
6233,positive,development
7616,negative,development
8195,positive,development
1667,negative,development
7936,positive,development
9862,positive,development
3565,positive,development
1077,positive,development
6457,positive,development
1858,positive,development
4992,positive,development
9737,positive,development
2043,positive,development
1579,positive,development
8524,positive,development
7404,positive,development
1936,positive,development
1026,positive,development
3403,positive,development
7130,positive,development
4990,positive,development
8651,negative,development
3802,positive,development
8163,negative,development
6690,positive,development
7984,positive,development
2537,positive,development
9380,positive,development
5306,positive,development
1361,positive,development
3764,positive,development
1925,positive,development
2347,positive,development
5866,positive,development
2352,positive,development
2944,positive,development
7386,positive,development
1674,positive,development
969,positive,development
719,positive,development
3050,positive,development
6260,negative,development
8627,positive,development
1574,positive,development
9494,negative,development
1571,positive,development
3249,negative,development
1455,positive,development
3635,positive,development
8489,positive,development
8153,positive,development
7379,positive,development
5020,positive,development
8585,positive,development
5206,positive,development
4143,positive,development
4454,positive,development
9820,negative,development
5446,positive,development
7357,positive,development
3092,positive,development
2781,positive,development
3876,positive,development
2936,positive,development
7310,negative,development
9880,positive,development
2929,positive,development
4355,positive,development
2295,positive,development
3180,positive,development
4019,positive,development
8676,positive,development
7674,positive,development
3334,positive,development
4631,negative,development
991,positive,development
8947,negative,development
4040,positive,development
6021,positive,development
2006,positive,development
6053,positive,development
3830,positive,development
897,positive,development
1786,positive,development
4809,positive,development
4312,positive,development
1328,negative,development
7738,negative,development
4272,positive,development
3321,positive,development
4364,positive,development
3640,positive,development
9668,positive,development
3742,positive,development
5420,positive,development
3052,positive,development
9845,positive,development
6509,positive,development
3480,negative,development
7948,positive,development
9956,positive,development
7865,positive,development
8553,positive,development
7025,positive,development
3529,positive,development
4388,positive,development
7391,negative,development
2783,positive,development
9441,positive,development
1862,positive,development
7615,positive,development
5093,positive,development
2153,positive,development
9445,negative,development
4568,positive,development
9992,positive,development
9641,negative,development
7853,positive,development
1430,positive,development
1919,positive,development
8540,negative,development
7218,positive,development
9187,positive,development
6411,positive,development
9500,negative,development
4251,negative,development
3192,positive,development
6696,positive,development
8279,positive,development
9292,positive,development
1272,positive,development
111,positive,development
9434,positive,development
4991,positive,development
2019,positive,development
9241,positive,development
8341,positive,development
2605,positive,development
3978,positive,development
9049,positive,development
3031,positive,development
8952,negative,development
5281,positive,development
2954,positive,development
1084,positive,development
2166,positive,development
8350,negative,development
9949,positive,development
5909,positive,development
3684,positive,development
5979,negative,development
8699,negative,development
41,positive,development
2896,positive,development
5865,positive,development
4670,positive,development
1840,positive,development
2644,positive,development
60,positive,development
7496,positive,development
4620,positive,development
1778,positive,development
1204,positive,development
7638,positive,development
6245,negative,development
1439,positive,development
4638,negative,development
7075,positive,development
6935,positive,development
2191,positive,development
8940,positive,development
2594,positive,development
7705,positive,development
6151,positive,development
9216,positive,development
232,positive,development
14,positive,development
8386,positive,development
526,positive,development
4126,positive,development
5623,positive,development
154,positive,development
4922,positive,development
9483,positive,development
9201,negative,development
3615,positive,development
6254,positive,development
7078,positive,development
5372,negative,development
849,positive,development
4861,positive,development
3065,positive,development
5400,negative,development
4588,positive,development
3617,positive,development
6029,positive,development
5386,negative,development
4997,positive,development
8542,positive,development
6044,positive,development
7544,positive,development
3016,positive,development
9752,positive,development
5339,positive,development
9928,positive,development
3057,positive,development
1444,positive,development
467,positive,development
7238,positive,development
7150,positive,development
8732,positive,development
6237,positive,development
9843,positive,development
5346,positive,development
4112,positive,development
8932,positive,development
5570,positive,development
2394,negative,development
8281,positive,development
1209,negative,development
3423,positive,development
3473,positive,development
9532,negative,development
3061,positive,development
9103,positive,development
228,positive,development
6574,negative,development
4565,positive,development
7355,positive,development
4989,positive,development
6169,positive,development
6929,positive,development
7424,positive,development
9130,positive,development
3343,positive,development
5722,positive,development
3371,positive,development
923,positive,development
4617,positive,development
2689,negative,development
752,positive,development
6081,positive,development
1709,positive,development
4081,positive,development
3406,positive,development
8969,negative,development
2547,positive,development
7767,positive,development
4102,positive,development
2260,positive,development
4513,positive,development
9643,positive,development
7714,positive,development
2145,positive,development
6765,positive,development
7845,positive,development
9608,positive,development
5874,positive,development
9418,positive,development
9774,positive,development
7283,positive,development
4940,positive,development
8,positive,development
6266,positive,development
8290,positive,development
3934,positive,development
3817,positive,development
6914,negative,development
9218,negative,development
4561,negative,development
5938,negative,development
1322,negative,development
1763,positive,development
9654,positive,development
9370,positive,development
4687,positive,development
576,positive,development
9296,negative,development
4557,positive,development
5265,positive,development
6605,positive,development
9330,positive,development
9334,positive,development
2392,negative,development
3225,negative,development
6204,positive,development
5982,negative,development
4962,positive,development
8863,positive,development
5573,negative,development
9609,negative,development
2635,negative,development
4863,positive,development
3306,positive,development
7244,positive,development
6858,positive,development
3516,positive,development
8209,positive,development
8300,negative,development
6290,positive,development
7175,positive,development
8862,positive,development
5779,positive,development
11,positive,development
4265,negative,development
8254,positive,development
4340,positive,development
9652,positive,development
4551,negative,development
1994,positive,development
5507,positive,development
8358,positive,development
1976,negative,development
7117,positive,development
4665,positive,development
3347,positive,development
9825,negative,development
7755,positive,development
6252,positive,development
1396,positive,development
3421,positive,development
6063,positive,development
1312,positive,development
3114,positive,development
3623,positive,development
826,positive,development
6695,negative,development
349,positive,development
2698,positive,development
3430,positive,development
6735,positive,development
594,positive,development
33,positive,development
1035,positive,development
8706,positive,development
5131,positive,development
2231,positive,development
7455,negative,development
6560,positive,development
2314,positive,development
542,positive,development
3148,positive,development
2275,positive,development
9463,positive,development
3275,positive,development
2992,negative,development
6563,negative,development
9242,positive,development
5382,positive,development
3770,positive,development
9003,positive,development
3851,positive,development
4342,negative,development
5695,positive,development
9669,positive,development
3212,positive,development
2796,positive,development
1855,negative,development
8843,negative,development
6211,positive,development
7646,positive,development
8803,positive,development
834,positive,development
9923,positive,development
9031,positive,development
5405,negative,development
5370,positive,development
8493,positive,development
73,positive,development
9394,negative,development
9889,positive,development
3307,positive,development
8537,positive,development
5249,positive,development
49,positive,development
6415,negative,development
4733,positive,development
7924,positive,development
4550,negative,development
2197,positive,development
6760,negative,development
1897,positive,development
8140,positive,development
1173,positive,development
4763,positive,development
7773,positive,development
7384,positive,development
2329,positive,development
5752,positive,development
5995,positive,development
1933,negative,development
9806,positive,development
285,positive,development
6705,positive,development
5094,positive,development
1738,negative,development
8251,positive,development
6400,positive,development
4627,positive,development
7417,positive,development
5728,negative,development
8050,positive,development
4093,positive,development
3659,positive,development
598,positive,development
9425,negative,development
9714,positive,development
1298,positive,development
4789,positive,development
2311,positive,development
7091,positive,development
6469,positive,development
9071,negative,development
9387,positive,development
7450,positive,development
6908,positive,development
234,negative,development
5729,positive,development
3080,positive,development
9912,positive,development
9046,positive,development
3247,positive,development
8894,positive,development
8665,positive,development
4814,positive,development
6881,positive,development
9492,negative,development
5592,positive,development
4971,positive,development
34,positive,development
2229,positive,development
7263,positive,development
9460,negative,development
7344,positive,development
9904,positive,development
8871,positive,development
3753,positive,development
2866,negative,development
4005,positive,development
3179,positive,development
5297,positive,development
7731,positive,development
3661,positive,development
3744,positive,development
3466,positive,development
7635,positive,development
2141,positive,development
535,positive,development
1524,positive,development
6821,positive,development
8250,positive,development
7573,positive,development
3968,positive,development
8192,negative,development
4474,positive,development
4200,positive,development
9927,positive,development
2280,positive,development
5074,positive,development
7586,positive,development
3542,positive,development
2163,positive,development
9069,positive,development
9722,positive,development
3997,negative,development
4215,positive,development
4228,positive,development
1639,positive,development
5599,positive,development
3137,positive,development
1167,negative,development
4590,positive,development
9236,positive,development
7768,positive,development
3861,positive,development
6321,negative,development
4576,positive,development
3435,positive,development
5220,positive,development
8922,positive,development
4797,positive,development
6836,positive,development
3425,positive,development
5470,negative,development
4448,positive,development
1001,positive,development
983,positive,development
4829,negative,development
3289,positive,development
5541,positive,development
7269,positive,development
6844,positive,development
3766,positive,development
455,positive,development
5769,positive,development
4106,positive,development
2310,positive,development
6986,negative,development
6647,positive,development
4945,positive,development
8338,positive,development
5033,positive,development
8985,positive,development
3670,positive,development
8851,positive,development
4441,positive,development
3582,positive,development
5875,positive,development
2765,positive,development
6805,positive,development
2990,positive,development
9782,positive,development
9099,positive,development
2031,positive,development
3141,positive,development
2274,positive,development
757,positive,development
2775,positive,development
6813,positive,development
1364,positive,development
3848,positive,development
8654,positive,development
106,positive,development
2080,positive,development
8869,positive,development
7411,positive,development
2761,positive,development
8405,positive,development
1403,positive,development
723,positive,development
7147,positive,development
2269,negative,development
3281,positive,development
7057,positive,development
1356,positive,development
5117,positive,development
5289,positive,development
7397,positive,development
4939,positive,development
4206,positive,development
5936,positive,development
4933,positive,development
1592,negative,development
3158,positive,development
6507,positive,development
763,positive,development
1257,positive,development
2303,positive,development
1941,positive,development
4368,positive,development
7456,negative,development
9466,positive,development
6066,positive,development
3349,positive,development
899,positive,development
5260,positive,development
5860,positive,development
2582,positive,development
1743,positive,development
359,positive,development
3424,positive,development
1807,positive,development
1965,positive,development
6887,positive,development
8185,positive,development
3118,positive,development
1780,positive,development
2945,positive,development
9507,positive,development
8081,positive,development
4072,positive,development
946,positive,development
3526,positive,development
581,positive,development
1390,positive,development
6934,positive,development
6713,negative,development
5641,positive,development
2554,positive,development
9696,positive,development
7298,positive,development
5666,positive,development
6201,positive,development
2428,positive,development
9000,positive,development
8631,positive,development
310,positive,development
6747,positive,development
9340,positive,development
4892,positive,development
4813,positive,development
3037,positive,development
7207,negative,development
7546,positive,development
5022,positive,development
9640,positive,development
5897,negative,development
1273,positive,development
4825,positive,development
8270,positive,development
9790,positive,development
9908,negative,development
5844,positive,development
872,positive,development
193,positive,development
1975,positive,development
1334,positive,development
3067,positive,development
1174,positive,development
7101,positive,development
2665,positive,development
7565,positive,development
2977,positive,development
3358,positive,development
9138,negative,development
8385,positive,development
4850,positive,development
2842,positive,development
12,positive,development
9976,positive,development
1274,positive,development
994,positive,development
5815,positive,development
2304,negative,development
9233,positive,development
7299,positive,development
6932,positive,development
3121,positive,development
3955,positive,development
2416,negative,development
1253,negative,development
8566,positive,development
8324,positive,development
8089,negative,development
9638,positive,development
939,positive,development
4929,positive,development
3703,positive,development
1038,positive,development
2574,negative,development
8182,positive,development
4764,positive,development
4703,positive,development
1555,positive,development
5167,positive,development
2402,positive,development
4810,positive,development
9175,positive,development
3840,positive,development
2911,positive,development
4004,positive,development
5872,positive,development
6974,positive,development
7608,positive,development
9788,positive,development
9915,positive,development
8377,positive,development
4868,positive,development
4548,positive,development
7366,positive,development
6703,positive,development
3414,positive,development
3722,positive,development
7237,positive,development
8780,positive,development
2337,positive,development
4301,negative,development
1223,positive,development
3492,positive,development
1783,positive,development
6087,positive,development
9794,positive,development
8643,positive,development
9414,positive,development
2773,positive,development
7859,positive,development
8152,positive,development
6212,positive,development
2743,positive,development
7888,positive,development
6572,positive,development
9632,negative,development
8097,positive,development
6221,positive,development
5258,positive,development
7719,positive,development
5921,positive,development
5688,positive,development
8180,negative,development
9588,positive,development
4667,positive,development
1993,positive,development
5561,positive,development
6565,negative,development
4878,positive,development
4295,positive,development
9154,positive,development
848,positive,development
2702,positive,development
1108,positive,development
337,positive,development
5445,positive,development
7043,positive,development
8447,positive,development
24,positive,development
8144,positive,development
7756,positive,development
2083,positive,development
5218,positive,development
582,positive,development
8076,positive,development
788,positive,development
7775,negative,development
9263,positive,development
8597,positive,development
5024,positive,development
937,positive,development
1268,positive,development
4824,positive,development
7511,positive,development
5488,negative,development
8423,positive,development
2739,positive,development
948,positive,development
2962,positive,development
2059,positive,development
3128,positive,development
4845,positive,development
9411,positive,development
6652,positive,development
2379,positive,development
9172,positive,development
6195,positive,development
7072,positive,development
6241,positive,development
7489,positive,development
9548,positive,development
7985,positive,development
181,positive,development
5547,positive,development
1830,positive,development
4124,positive,development
303,positive,development
7657,positive,development
1697,positive,development
5692,positive,development
9771,positive,development
2096,positive,development
10,positive,development
8495,positive,development
8098,positive,development
7903,negative,development
2754,positive,development
9019,positive,development
529,positive,development
2294,positive,development
1900,positive,development
3992,positive,development
2853,positive,development
5671,positive,development
1860,negative,development
8726,positive,development
9611,positive,development
1627,positive,development
2823,positive,development
9719,positive,development
5891,negative,development
8420,positive,development
3789,positive,development
5357,negative,development
4086,positive,development
6097,positive,development
5578,positive,development
528,positive,development
9570,positive,development
4968,positive,development
6329,positive,development
405,positive,development
6482,positive,development
6299,positive,development
8739,positive,development
47,positive,development
4869,positive,development
42,positive,development
1895,positive,development
3489,positive,development
9821,negative,development
431,positive,development
698,positive,development
6613,positive,development
199,positive,development
1920,positive,development
7497,positive,development
3411,positive,development
2206,positive,development
5414,positive,development
645,positive,development
8976,positive,development
9439,positive,development
1055,positive,development
7461,positive,development
1332,positive,development
5348,negative,development
6633,positive,development
9700,positive,development
9844,positive,development
8935,positive,development
5591,positive,development
2878,negative,development
5972,positive,development
804,positive,development
8161,negative,development
6554,positive,development
5257,positive,development
9537,positive,development
1908,positive,development
6945,negative,development
5009,positive,development
7311,positive,development
1019,positive,development
7484,positive,development
2897,positive,development
8320,positive,development
3540,positive,development
2477,positive,development
699,positive,development
4856,positive,development
8297,positive,development
224,positive,development
5423,positive,development
5153,positive,development
99,positive,development
399,positive,development
846,positive,development
7931,negative,development
7665,negative,development
977,positive,development
4618,positive,development
709,positive,development
7413,positive,development
1180,positive,development
9568,positive,development
4759,positive,development
9877,negative,development
3110,positive,development
5310,negative,development
810,positive,development
2533,positive,development
7051,positive,development
2253,positive,development
5193,positive,development
5460,positive,development
2122,positive,development
8124,negative,development
4094,positive,development
6301,positive,development
2211,positive,development
2258,positive,development
7678,positive,development
2509,positive,development
1365,positive,development
9481,negative,development
1663,positive,development
6227,negative,development
9170,positive,development
5965,positive,development
8426,positive,development
9826,negative,development
6956,positive,development
5511,positive,development
9211,positive,development
8697,positive,development
5434,positive,development
4210,positive,development
666,positive,development
2812,positive,development
2824,positive,development
3665,positive,development
3938,positive,development
1672,positive,development
1140,positive,development
8968,negative,development
6106,positive,development
5427,positive,development
3195,positive,development
917,positive,development
5075,negative,development
3193,negative,development
7236,positive,development
6616,negative,development
9870,negative,development
7862,positive,development
706,negative,development
6368,positive,development
2536,positive,development
3801,positive,development
8671,positive,development
631,positive,development
1401,positive,development
1902,positive,development
4051,positive,development
4885,positive,development
2444,positive,development
6949,positive,development
8002,positive,development
2245,positive,development
3194,positive,development
3391,positive,development
4747,negative,development
4835,positive,development
6486,negative,development
5808,positive,development
9698,positive,development
844,positive,development
5772,positive,development
3563,positive,development
6947,positive,development
3153,positive,development
4643,positive,development
2703,positive,development
4768,positive,development
9382,positive,development
4315,positive,development
6884,positive,development
1755,positive,development
8799,positive,development
5293,positive,development
5838,positive,development
4739,positive,development
2456,positive,development
5043,positive,development
6235,positive,development
9324,negative,development
3373,positive,development
4790,negative,development
9027,negative,development
6102,positive,development
553,positive,development
4050,positive,development
9388,positive,development
4816,positive,development
7068,positive,development
2678,positive,development
4530,positive,development
9553,positive,development
4078,positive,development
3523,positive,development
6781,positive,development
8610,positive,development
5000,positive,development
4728,positive,development
4537,positive,development
3255,positive,development
8708,negative,development
2653,positive,development
8945,positive,development
1806,positive,development
1710,positive,development
7758,positive,development
1329,positive,development
3419,positive,development
3482,positive,development
2847,positive,development
358,positive,development
8776,positive,development
2540,positive,development
396,positive,development
574,positive,development
541,positive,development
2580,positive,development
4895,positive,development
7753,positive,development
680,positive,development
852,positive,development
280,positive,development
3909,positive,development
9914,negative,development
3558,positive,development
9244,positive,development
5910,positive,development
2874,positive,development
3283,positive,development
2671,positive,development
4180,positive,development
1082,positive,development
4263,negative,development
9721,negative,development
1239,positive,development
3039,positive,development
1739,positive,development
9084,negative,development
2292,negative,development
878,positive,development
6381,negative,development
490,positive,development
6785,positive,development
2185,positive,development
5993,positive,development
6503,positive,development
9983,negative,development
6631,positive,development
6306,positive,development
2298,positive,development
5110,positive,development
8293,positive,development
9888,positive,development
2673,positive,development
425,positive,development
7181,positive,development
6568,positive,development
4067,positive,development
1233,positive,development
8956,positive,development
2520,positive,development
4131,positive,development
9549,positive,development
2419,positive,development
3100,positive,development
3252,positive,development
1335,positive,development
6946,positive,development
9427,negative,development
9531,negative,development
7963,positive,development
9964,negative,development
7429,positive,development
6954,positive,development
3010,positive,development
4296,positive,development
7716,positive,development
3634,positive,development
8217,positive,development
8991,positive,development
1027,positive,development
1122,positive,development
1426,positive,development
2210,positive,development
8235,positive,development
7817,positive,development
5127,positive,development
6360,positive,development
5073,negative,development
1076,positive,development
1791,positive,development
6746,positive,development
9691,positive,development
4066,positive,development
7358,positive,development
172,positive,development
8360,positive,development
9606,positive,development
7697,negative,development
2272,positive,development
1240,positive,development
6035,positive,development
6149,positive,development
3401,positive,development
1071,positive,development
1408,positive,development
6698,positive,development
9109,positive,development
3470,positive,development
7473,positive,development
829,positive,development
2116,positive,development
7478,positive,development
2105,positive,development
1762,positive,development
5008,positive,development
8013,negative,development
2261,positive,development
6883,positive,development
7460,positive,development
5275,positive,development
1141,positive,development
2271,positive,development
7892,positive,development
1909,positive,development
4682,positive,development
4524,positive,development
5668,positive,development
9645,negative,development
4969,positive,development
3223,negative,development
3497,positive,development
6669,positive,development
2620,negative,development
1102,positive,development
9723,positive,development
2883,negative,development
5545,negative,development
6953,positive,development
1740,positive,development
9132,positive,development
3030,positive,development
8522,positive,development
8581,positive,development
9712,positive,development
9250,negative,development
8703,positive,development
3981,positive,development
4000,positive,development
2609,positive,development
7727,positive,development
4738,positive,development
8194,positive,development
4558,positive,development
4203,positive,development
4862,positive,development
8149,positive,development
8379,positive,development
4918,positive,development
1787,positive,development
8023,positive,development
8046,positive,development
1756,positive,development
3346,positive,development
9937,positive,development
6948,positive,development
971,positive,development
6313,positive,development
8691,positive,development
8138,positive,development
3004,negative,development
5651,negative,development
5295,positive,development
1973,negative,development
6896,positive,development
8903,positive,development
2495,positive,development
9004,positive,development
7515,positive,development
4575,negative,development
7129,positive,development
4693,positive,development
5523,positive,development
2740,positive,development
6283,positive,development
5223,positive,development
7846,positive,development
1259,positive,development
3355,positive,development
74,positive,development
6841,negative,development
3392,positive,development
6098,positive,development
5661,positive,development
4393,positive,development
4434,negative,development
625,positive,development
6600,positive,development
3598,positive,development
9210,negative,development
121,positive,development
4754,positive,development
4541,negative,development
4949,positive,development
8492,positive,test
3200,positive,test
5878,positive,test
9815,positive,test
5019,positive,test
5521,negative,test
9476,positive,test
7392,positive,test
7977,positive,test
6761,positive,test
5634,positive,test
298,positive,test
6793,positive,test
5870,positive,test
7687,positive,test
1816,positive,test
9851,positive,test
8709,positive,test
3143,positive,test
6982,positive,test
7795,positive,test
2621,positive,test
7704,positive,test
3239,positive,test
7517,positive,test
4948,positive,test
2789,positive,test
9472,positive,test
934,positive,test
1008,positive,test
8199,positive,test
3188,positive,test
4731,negative,test
5188,positive,test
2867,positive,test
9950,positive,test
1125,positive,test
5045,positive,test
5351,positive,test
837,positive,test
7533,positive,test
2434,positive,test
9584,negative,test
4242,negative,test
7335,positive,test
5283,positive,test
2541,positive,test
4980,positive,test
1248,positive,test
4792,positive,test
7114,positive,test
3394,positive,test
3021,positive,test
4802,positive,test
2457,positive,test
1567,positive,test
2697,positive,test
5340,negative,test
8466,negative,test
8450,positive,test
902,positive,test
4858,positive,test
156,positive,test
3360,positive,test
9493,negative,test
2985,positive,test
9032,positive,test
9953,negative,test
9255,positive,test
7425,positive,test
3554,positive,test
7140,negative,test
9952,positive,test
7825,positive,test
5837,positive,test
2296,positive,test
1105,positive,test
4363,positive,test
4924,positive,test
590,positive,test
1969,positive,test
8844,positive,test
6711,negative,test
2584,positive,test
7163,positive,test
423,positive,test
1168,positive,test
7857,positive,test
1091,positive,test
8989,positive,test
6091,positive,test
1132,positive,test
8109,negative,test
9899,positive,test
4229,positive,test
8998,positive,test
8568,positive,test
1255,positive,test
4970,positive,test
5095,negative,test
7430,positive,test
1720,positive,test
4707,positive,test
4660,negative,test
6673,positive,test
7420,positive,test
8070,positive,test
5377,positive,test
1764,positive,test
4517,positive,test
6275,positive,test
2727,positive,test
2357,positive,test
1277,positive,test
5980,positive,test
366,positive,test
644,positive,test
319,positive,test
4127,positive,test
1216,positive,test
2341,positive,test
2154,positive,test
2586,positive,test
5768,positive,test
8607,positive,test
9697,positive,test
7826,positive,test
1566,positive,test
2371,positive,test
5649,positive,test
8879,positive,test
8105,positive,test
8084,positive,test
376,positive,test
161,positive,test
2290,positive,test
5309,positive,test
8764,positive,test
3199,positive,test
7464,positive,test
2172,positive,test
8515,positive,test
7860,positive,test
6315,positive,test
798,positive,test
8263,positive,test
3177,positive,test
5158,positive,test
1338,positive,test
5832,positive,test
7449,positive,test
8181,positive,test
4719,positive,test
9792,positive,test
4570,positive,test
8963,negative,test
8614,negative,test
6163,positive,test
4271,positive,test
8485,negative,test
2786,positive,test
4381,positive,test
1323,positive,test
61,positive,test
2924,negative,test
5464,positive,test
572,positive,test
3216,positive,test
1183,positive,test
5685,positive,test
5380,positive,test
2668,negative,test
5804,negative,test
2178,positive,test
356,positive,test
1568,positive,test
3833,positive,test
6579,positive,test
8313,positive,test
4912,positive,test
2688,negative,test
4233,positive,test
9710,positive,test
1301,negative,test
5196,negative,test
229,positive,test
5242,positive,test
9495,positive,test
2171,positive,test
9769,positive,test
8731,positive,test
3857,positive,test
4741,negative,test
580,positive,test
3385,positive,test
3678,positive,test
1671,positive,test
8211,positive,test
9146,positive,test
8878,positive,test
898,positive,test
9359,positive,test
9490,positive,test
7688,positive,test
3838,negative,test
2894,positive,test
1111,positive,test
825,positive,test
6952,positive,test
2291,positive,test
3454,positive,test
2742,positive,test
2370,negative,test
8738,positive,test
2619,negative,test
6996,positive,test
5126,positive,test
508,negative,test
1632,negative,test
2351,positive,test
9516,positive,test
1838,positive,test
1804,positive,test
671,positive,test
8303,positive,test
9665,negative,test
7076,positive,test
2623,negative,test
7438,positive,test
415,positive,test
5855,positive,test
790,positive,test
7165,positive,test
2873,negative,test
995,positive,test
2578,positive,test
785,positive,test
7348,positive,test
3846,positive,test
8802,negative,test
3246,positive,test
8133,positive,test
8729,positive,test
6846,positive,test
7698,negative,test
759,positive,test
7151,positive,test
4024,positive,test
6256,positive,test
8670,negative,test
9284,positive,test
4586,positive,test
6864,positive,test
1249,positive,test
4507,positive,test
1979,positive,test
1684,positive,test
1279,positive,test
4666,positive,test
5500,positive,test
6080,positive,test
2793,positive,test
2827,positive,test
2,positive,test
5481,positive,test
5006,positive,test
7981,positive,test
3237,positive,test
3069,positive,test
8285,negative,test
8970,positive,test
5123,positive,test
6276,positive,test
2884,negative,test
4951,positive,test
6898,negative,test
4379,positive,test
2219,positive,test
7482,negative,test
6534,positive,test
4908,positive,test
6389,positive,test
1728,positive,test
4935,positive,test
9991,positive,test
9726,positive,test
6667,positive,test
1713,positive,test
8216,negative,test
548,positive,test
6047,positive,test
6620,positive,test
8579,positive,test
6352,positive,test
1224,positive,test
1779,positive,test
967,positive,test
7879,positive,test
3921,positive,test
1,positive,test
1999,negative,test
4452,positive,test
4711,negative,test
4052,positive,test
4352,positive,test
2713,negative,test
1282,negative,test
3836,positive,test
9879,positive,test
1716,positive,test
6380,negative,test
2844,positive,test
1009,positive,test
1144,positive,test
3986,positive,test
2735,positive,test
8051,positive,test
9365,negative,test
5491,negative,test
4419,positive,test
489,positive,test
9017,positive,test
1735,positive,test
1436,positive,test
2759,positive,test
6585,positive,test
4337,positive,test
8767,positive,test
8086,positive,test
6719,positive,test
8509,positive,test
3965,positive,test
7799,positive,test
1340,positive,test
2672,positive,test
7295,positive,test
8617,positive,test
4583,positive,test
5709,positive,test
3886,positive,test
6013,positive,test
5669,positive,test
618,positive,test
1485,positive,test
3546,positive,test
8310,positive,test
5637,positive,test
5985,positive,test
4897,positive,test
613,positive,test
8717,positive,test
6334,positive,test
4896,positive,test
3947,positive,test
6769,positive,test
2458,positive,test
8248,negative,test
4001,positive,test
4465,positive,test
7060,positive,test
3535,positive,test
7976,negative,test
7228,positive,test
9337,positive,test
2493,positive,test
3570,positive,test
9909,negative,test
7377,positive,test
5737,positive,test
4175,positive,test
1059,positive,test
1420,positive,test
5680,positive,test
3712,positive,test
8354,positive,test
5856,negative,test
9006,positive,test
6531,positive,test
3936,positive,test
3631,positive,test
2860,positive,test
9832,negative,test
1488,positive,test
2905,positive,test
3341,positive,test
6036,positive,test
7453,negative,test
6287,positive,test
2995,positive,test
1405,positive,test
9649,negative,test
2453,positive,test
7329,positive,test
9224,negative,test
910,positive,test
8893,positive,test
2930,negative,test
6121,positive,test
3296,positive,test
3135,negative,test
220,positive,test
3103,positive,test
4262,positive,test
5785,positive,test
1749,positive,test
3147,positive,test
8994,positive,test
1446,positive,test
6488,positive,test
7427,positive,test
7081,positive,test
8539,positive,test
1360,positive,test
9102,positive,test
4910,positive,test
3945,positive,test
8257,negative,test
7591,positive,test
185,positive,test
8317,negative,test
8014,negative,test
3702,positive,test
9831,positive,test
669,positive,test
6115,positive,test
1218,positive,test
7797,positive,test
1882,positive,test
7570,positive,test
5951,positive,test
5988,positive,test
7110,positive,test
7302,positive,test
26,negative,test
5487,positive,test
9086,positive,test
2112,positive,test
3362,positive,test
7878,positive,test
5809,negative,test
1306,positive,test
8012,negative,test
8920,positive,test
3049,positive,test
8311,positive,test
2862,positive,test
8965,negative,test
4440,positive,test
1500,positive,test
9523,negative,test
9582,positive,test
6964,positive,test
6556,positive,test
8469,positive,test
167,positive,test
6991,positive,test
1959,positive,test
9496,positive,test
4108,negative,test
7303,positive,test
3442,positive,test
4456,positive,test
2753,positive,test
1023,positive,test
4353,positive,test
3515,positive,test
7886,positive,test
1647,positive,test
4877,positive,test
767,positive,test
9615,negative,test
4717,positive,test
3532,positive,test
4036,positive,test
5018,positive,test
3104,positive,test
1138,positive,test
3822,positive,test
1483,positive,test
5335,positive,test
2052,positive,test
9685,positive,test
6550,positive,test
7495,positive,test
2958,positive,test
1465,positive,test
8472,negative,test
4836,positive,test
5755,positive,test
4138,positive,test
6780,positive,test
7304,positive,test
2087,positive,test
1722,positive,test
9070,positive,test
6478,positive,test
2322,positive,test
6468,positive,test
151,positive,test
2745,positive,test
9930,positive,test
6506,positive,test
4495,negative,test
9990,positive,test
2647,positive,test
4466,negative,test
6547,positive,test
2500,positive,test
4074,positive,test
6876,positive,test
563,positive,test
2246,positive,test
9261,positive,test
6333,positive,test
9118,negative,test
6358,positive,test
390,positive,test
6656,negative,test
1145,positive,test
4673,negative,test
5007,positive,test
1924,positive,test
900,positive,test
5030,positive,test
3034,positive,test
9622,positive,test
1750,positive,test
4519,positive,test
2872,positive,test
23,positive,test
5490,negative,test
6099,positive,test
7442,positive,test
2421,positive,test
8079,positive,test
5731,positive,test
9973,positive,test
2420,positive,test
3098,positive,test
218,positive,test
3580,positive,test
2243,negative,test
587,positive,test
2828,positive,test
2534,positive,test
6521,positive,test
9894,positive,test
5503,positive,test
2198,positive,test
7863,positive,test
6778,positive,test
254,positive,test
5172,positive,test
2895,positive,test
1347,positive,test
5484,positive,test
9591,negative,test
1432,positive,test
3903,positive,test
2612,positive,test
7721,positive,test
751,positive,test
8791,positive,test
7926,positive,test
1366,positive,test
9658,positive,test
1400,positive,test
7660,negative,test
5070,positive,test
921,positive,test
4953,positive,test
4122,positive,test
3109,positive,test
1992,positive,test
2441,negative,test
7836,positive,test
2135,positive,test
8239,positive,test
1472,positive,test
8711,positive,test
6263,positive,test
9335,positive,test
403,positive,test
593,positive,test
1496,positive,test
2714,positive,test
81,positive,test
1087,positive,test
2002,positive,test
5601,positive,test
9729,positive,test
4512,positive,test
9219,positive,test
9230,positive,test
5037,positive,test
6942,positive,test
4688,positive,test
7717,positive,test
7167,positive,test
4386,positive,test
3113,positive,test
8116,positive,test
5969,positive,test
6231,negative,test
1717,positive,test
7842,positive,test
4684,positive,test
3431,positive,test
5178,negative,test
3169,positive,test
9054,positive,test
1899,negative,test
7729,positive,test
3643,positive,test
9635,positive,test
5355,positive,test
4227,positive,test
3464,positive,test
8832,negative,test
1086,positive,test
351,positive,test
855,positive,test
7752,positive,test
4087,positive,test
9229,positive,test
7600,positive,test
2234,negative,test
6919,positive,test
7229,positive,test
7042,positive,test
8322,positive,test
5788,positive,test
8141,positive,test
7746,positive,test
7071,positive,test
8157,positive,test
7810,positive,test
9061,negative,test
2938,positive,test
2650,negative,test
9965,positive,test
7699,positive,test
1887,positive,test
5011,positive,test
231,positive,test
1884,positive,test
6685,positive,test
4508,negative,test
1236,positive,test
9037,positive,test
3709,positive,test
9871,positive,test
9326,positive,test
5577,positive,test
6958,positive,test
3298,positive,test
6540,positive,test
714,positive,test
4268,positive,test
857,positive,test
4261,positive,test
3075,negative,test
9307,positive,test
3258,positive,test
7375,positive,test
5905,positive,test
7030,positive,test
1053,positive,test
6477,positive,test
67,positive,test
7483,positive,test
5543,positive,test
1859,positive,test
3303,positive,test
7968,positive,test
7476,positive,test
6891,positive,test
5516,positive,test
6141,positive,test
4853,positive,test
6614,negative,test
9228,positive,test
3690,positive,test
9096,negative,test
6388,positive,test
621,positive,test
5352,negative,test
2784,positive,test
2338,positive,test
6089,positive,test
7271,negative,test
8042,positive,test
9325,negative,test
9339,positive,test
3917,positive,test
1150,positive,test
6399,positive,test
2266,positive,test
2174,negative,test
1817,positive,test
9036,positive,test
6917,negative,test
8804,positive,test
3330,negative,test
8477,positive,test
4661,positive,test
9072,positive,test
3812,positive,test
7561,positive,test
8302,positive,test
7661,positive,test
6730,positive,test
8390,negative,test
7468,positive,test
383,positive,test
6911,positive,test
5284,positive,test
2422,positive,test
7693,positive,test
1985,positive,test
551,positive,test
4300,positive,test
392,positive,test
6165,positive,test
8503,positive,test
277,positive,test
388,positive,test
7601,positive,test
6145,positive,test
2700,positive,test
8569,positive,test
5555,positive,test
8323,positive,test
1161,positive,test
5813,positive,test
7547,positive,test
1020,positive,test
7624,positive,test
2114,positive,test
1382,positive,test
5291,positive,test
3533,positive,test
762,positive,test
2226,positive,test
406,positive,test
2237,positive,test
8028,positive,test
4636,positive,test
9164,positive,test
2818,positive,test
5394,negative,test
9547,positive,test
1477,negative,test
4742,positive,test
873,positive,test
7135,positive,test
2730,positive,test
4062,positive,test
2802,positive,test
3556,positive,test
3279,negative,test
8571,positive,test
1637,positive,test
9401,negative,test
2068,positive,test
2194,positive,test
9376,positive,test
2661,negative,test
7493,positive,test
2572,positive,test
5883,positive,test
9353,positive,test
8967,negative,test
3780,positive,test
1252,positive,test
1511,positive,test
1395,positive,test
8938,positive,test
7082,positive,test
2093,positive,test
1848,positive,test
6904,positive,test
509,positive,test
8987,negative,test
2633,positive,test
2731,positive,test
7152,positive,test
2564,positive,test
9091,positive,test
6444,negative,test
3452,positive,test
2915,positive,test
8071,positive,test
7291,positive,test
3268,positive,test
1795,positive,test
9482,negative,test
1508,positive,test
8316,positive,test
6966,positive,test
9578,positive,test
4806,negative,test
8404,negative,test
9355,positive,test
9898,negative,test
9199,negative,test
3102,positive,test
488,positive,test
9869,positive,test
3361,negative,test
6807,positive,test
1226,positive,test
9412,positive,test
8634,positive,test
4031,positive,test
2521,positive,test
2025,positive,test
9625,negative,test
3524,positive,test
5463,positive,test
6319,positive,test
8663,positive,test
1363,positive,test
1152,positive,test
6382,positive,test
5681,positive,test
813,positive,test
9173,positive,test
8770,positive,test
5557,positive,test
5761,positive,test
2801,positive,test
7240,positive,test
999,positive,test
6889,positive,test
7157,positive,test
200,positive,test
4602,positive,test
8619,negative,test
8368,positive,test
4343,positive,test
7234,positive,test
4314,positive,test
6226,positive,test
4549,positive,test
6246,positive,test
2563,positive,test
5814,positive,test
8291,negative,test
1553,negative,test
2466,positive,test
3276,negative,test
7352,positive,test
322,positive,test
9407,positive,test
4377,positive,test
5730,positive,test
5364,positive,test
3149,positive,test
53,positive,test
6464,negative,test
2144,positive,test
3574,positive,test
4463,positive,test
1095,positive,test
7667,positive,test
2147,positive,test
4167,positive,test
1934,negative,test
2209,positive,test
1824,positive,test
1708,positive,test
9675,positive,test
1968,positive,test
6995,positive,test
4223,positive,test
6501,positive,test
4979,positive,test
7064,negative,test
3432,positive,test
5546,positive,test
6777,positive,test
1362,positive,test
6483,positive,test
9145,positive,test
5966,positive,test
3315,negative,test
4498,positive,test
4903,positive,test
756,positive,test
7718,positive,test
5180,positive,test
1520,positive,test
6625,positive,test
2320,positive,test
782,positive,test
4730,positive,test
4169,positive,test
9283,negative,test
5393,positive,test
8838,positive,test
2215,positive,test
7715,positive,test
83,positive,test
673,positive,test
1260,positive,test
3668,positive,test
5659,positive,test
7840,positive,test
6417,positive,test
5231,positive,test
4502,positive,test
9947,negative,test
8494,positive,test
1196,positive,test
2213,positive,test
1146,positive,test
521,positive,test
5849,positive,test
6154,positive,test
2664,positive,test
8467,negative,test
9262,positive,test
9560,positive,test
9502,positive,test
3202,positive,test
6491,negative,test
6871,negative,test
2050,positive,test
7123,negative,test
9689,negative,test
9045,positive,test
9332,positive,test
2451,positive,test
6120,positive,test
6473,negative,test
3893,positive,test
8271,positive,test
5252,negative,test
9505,positive,test
7092,positive,test
1214,positive,test
6023,positive,test
6545,negative,test
9959,negative,test
9223,negative,test
6461,negative,test
6818,positive,test
1558,positive,test
7014,positive,test
7643,positive,test
5664,positive,test
3412,positive,test
3829,positive,test
9660,positive,test
4543,positive,test
8365,positive,test
6926,positive,test
6280,positive,test
1325,positive,test
139,positive,test
9107,positive,test
3970,positive,test
9133,negative,test
5111,positive,test
6267,positive,test
6544,negative,test
1949,positive,test
7628,positive,test
1914,negative,test
2487,positive,test
4226,negative,test
9510,positive,test
2391,positive,test
8121,positive,test
88,positive,test
6646,positive,test
6710,positive,test
7970,positive,test
8178,positive,test
6406,positive,test
4944,positive,test
9779,positive,test
471,positive,test
2469,positive,test
2675,positive,test
1630,positive,test
2639,positive,test
3388,positive,test
6084,negative,test
6268,positive,test
4746,positive,test
6353,positive,test
4677,positive,test
2085,positive,test
4163,positive,test
8314,positive,test
8346,positive,test
1719,positive,test
8507,positive,test
3041,positive,test
5745,positive,test
6679,positive,test
904,positive,test
3332,negative,test
6555,positive,test
2354,positive,test
1891,positive,test
3241,negative,test
4423,positive,test
3964,positive,test
4927,positive,test
1232,positive,test
7896,negative,test
2603,positive,test
5194,positive,test
1199,negative,test
545,positive,test
7991,positive,test
1539,positive,test
3018,positive,test
9474,negative,test
7803,positive,test
9680,positive,test
9011,negative,test
7332,positive,test
7162,positive,test
5451,positive,test
9887,positive,test
8798,positive,test
5452,negative,test
8399,positive,test
7576,positive,test
875,positive,test
8172,positive,test
6852,positive,test
9213,negative,test
672,positive,test
493,positive,test
8521,positive,test
8137,negative,test
1769,positive,test
6449,positive,test
6435,positive,test
3245,positive,test
6436,positive,test
6628,positive,test
7090,negative,test
4817,positive,test
2286,positive,test
2382,positive,test
750,positive,test
711,positive,test
1160,positive,test
7763,positive,test
9384,positive,test
1094,positive,test
1063,negative,test
3045,positive,test
2807,negative,test
1643,positive,test
4011,positive,test
2686,positive,test
4453,positive,test
9742,positive,test
9190,positive,test
454,positive,test
6325,positive,test
7847,positive,test
3987,positive,test
4068,positive,test
2907,positive,test
1652,positive,test
7315,positive,test
6745,positive,test
4812,positive,test
6797,positive,test
8513,positive,test
3173,positive,test
3984,positive,test
7146,positive,test
9846,positive,test
7895,positive,test
3475,positive,test
9686,positive,test
394,positive,test
1227,positive,test
9903,positive,test
6041,positive,test
7997,positive,test
2857,positive,test
9080,positive,test
3928,positive,test
6430,positive,test
4946,positive,test
8535,positive,test
2396,positive,test
3389,positive,test
3976,positive,test
3022,positive,test
438,positive,test
9682,negative,test
2617,positive,test
4582,positive,test
380,positive,test
7876,positive,test
9195,positive,test
2774,positive,test
6623,positive,test
3096,negative,test
2299,positive,test
1901,positive,test
1618,positive,test
5157,positive,test
9273,negative,test
5721,positive,test
9558,positive,test
525,negative,test
5222,positive,test
8430,positive,test
5619,positive,test
4567,positive,test
7520,positive,test
1790,positive,test
1598,positive,test
9576,positive,test
8052,positive,test
4292,positive,test
9486,negative,test
6132,positive,test
9144,positive,test
2486,positive,test
4771,positive,test
1700,positive,test
8424,positive,test
7912,positive,test
4556,positive,test
8551,negative,test
3270,positive,test
3002,positive,test
1079,positive,test
3413,positive,test
9386,negative,test
3735,positive,test
8721,positive,test
5800,positive,test
8641,positive,test
1966,positive,test
8543,positive,test
2393,negative,test
9020,positive,test
775,positive,test
8902,positive,test
6472,positive,test
5590,positive,test
5831,positive,test
9542,positive,test
4255,positive,test
3879,positive,test
7394,positive,test
5329,negative,test
3618,positive,test
8849,positive,test
7208,positive,test
9586,negative,test
7764,positive,test
2811,positive,test
2478,positive,test
5821,positive,test
1715,positive,test
3655,positive,test
9295,positive,test
8959,positive,test
1276,negative,test
6987,negative,test
4430,negative,test
1349,positive,test
4220,negative,test
1832,positive,test
975,negative,test
7572,negative,test
8319,positive,test
7116,positive,test
9497,positive,test
2086,positive,test
4367,positive,test
6643,positive,test
400,positive,test
7439,negative,test
884,positive,test
936,positive,test
44,positive,test
2079,positive,test
2127,positive,test
6274,positive,test
236,positive,test
6040,positive,test
9999,negative,test
3961,positive,test
7904,positive,test
443,positive,test
1621,negative,test
3062,positive,test
8852,positive,test
7713,positive,test
9239,positive,test
1205,positive,test
4977,positive,test
6069,positive,test
5862,positive,test
2592,positive,test
7024,positive,test
7971,positive,test
3584,positive,test
830,positive,test
7885,positive,test
361,positive,test
7901,negative,test
8015,positive,test
8321,positive,test
7278,positive,test
22,positive,test
8853,positive,test
2695,positive,test
970,positive,test
6994,positive,test
6143,negative,test
1254,positive,test
6543,positive,test
9702,positive,test
6175,positive,test
2852,positive,test
7702,positive,test
5720,positive,test
3787,positive,test
758,positive,test
4644,negative,test
4640,positive,test
4429,positive,test
731,positive,test
4153,positive,test
6094,positive,test
2769,negative,test
7858,positive,test
8017,positive,test
7112,positive,test
2718,negative,test
5758,positive,test
9610,positive,test
3290,positive,test
2523,positive,test
1217,positive,test
7566,positive,test
9972,positive,test
8520,positive,test
8151,positive,test
7869,positive,test
8219,positive,test
7792,positive,test
4820,positive,test
3300,positive,test
7436,negative,test
9248,positive,test
5476,positive,test
